domain,problem,config,rep,solved,cost,wall,search_time
barman-opt11-strips,pfile01-001.pddl,stock,1,1,90,11.249,10.2902
barman-opt11-strips,pfile01-001.pddl,policy,1,1,90,10.946,9.92896
barman-opt11-strips,pfile01-002.pddl,stock,1,1,90,11.495,10.5038
barman-opt11-strips,pfile01-002.pddl,policy,1,1,90,8.880,7.86067
barman-opt11-strips,pfile01-003.pddl,stock,1,1,90,10.949,9.86884
barman-opt11-strips,pfile01-003.pddl,policy,1,1,90,5.862,4.93692
barman-opt11-strips,pfile01-004.pddl,stock,1,1,90,11.652,10.6176
barman-opt11-strips,pfile01-004.pddl,policy,1,1,90,8.728,7.77822
barman-opt11-strips,pfile02-005.pddl,stock,1,1,121,143.956,141.992
barman-opt11-strips,pfile02-005.pddl,policy,1,1,121,159.892,157.729
barman-opt11-strips,pfile02-006.pddl,stock,1,1,121,192.901,190.007
barman-opt11-strips,pfile02-006.pddl,policy,1,1,121,128.142,126.035
barman-opt11-strips,pfile02-007.pddl,stock,1,1,121,142.174,140.02
barman-opt11-strips,pfile02-007.pddl,policy,1,1,121,109.617,107.054
barman-opt11-strips,pfile02-008.pddl,stock,1,1,121,132.444,130.037
barman-opt11-strips,pfile02-008.pddl,policy,1,1,121,105.975,103.568
barman-opt11-strips,pfile03-009.pddl,stock,1,0,,1800.386,
barman-opt11-strips,pfile03-009.pddl,policy,1,0,,1799.963,
barman-opt11-strips,pfile03-010.pddl,stock,1,0,,1800.354,
barman-opt11-strips,pfile03-010.pddl,policy,1,0,,1800.939,
barman-opt11-strips,pfile03-011.pddl,stock,1,1,152,1740.655,1734.35
barman-opt11-strips,pfile03-011.pddl,policy,1,1,152,1461.135,1455.54
barman-opt11-strips,pfile03-012.pddl,stock,1,0,,1800.330,
barman-opt11-strips,pfile03-012.pddl,policy,1,1,152,1408.913,1403.5
barman-opt11-strips,pfile04-013.pddl,stock,1,0,,1800.720,
barman-opt11-strips,pfile04-013.pddl,policy,1,0,,1801.288,
barman-opt11-strips,pfile04-014.pddl,stock,1,0,,1801.361,
barman-opt11-strips,pfile04-014.pddl,policy,1,0,,1800.988,
barman-opt11-strips,pfile04-015.pddl,stock,1,0,,1800.449,
barman-opt11-strips,pfile04-015.pddl,policy,1,0,,1800.457,
barman-opt11-strips,pfile04-016.pddl,stock,1,0,,1800.557,
barman-opt11-strips,pfile04-016.pddl,policy,1,0,,1800.989,
barman-opt11-strips,pfile05-017.pddl,stock,1,0,,1799.995,
barman-opt11-strips,pfile05-017.pddl,policy,1,0,,1800.137,
barman-opt11-strips,pfile05-018.pddl,stock,1,0,,1799.977,
barman-opt11-strips,pfile05-018.pddl,policy,1,0,,1800.107,
barman-opt11-strips,pfile05-019.pddl,stock,1,0,,1799.837,
barman-opt11-strips,pfile05-019.pddl,policy,1,0,,1799.872,
barman-opt11-strips,pfile05-020.pddl,stock,1,0,,1800.045,
barman-opt11-strips,pfile05-020.pddl,policy,1,0,,1800.097,
parking-opt14-strips,p_12_7-01.pddl,stock,1,0,,1799.870,
parking-opt14-strips,p_12_7-01.pddl,policy,1,1,18,978.314,973.81
parking-opt14-strips,p_12_7-02.pddl,stock,1,0,,1799.857,
parking-opt14-strips,p_12_7-02.pddl,policy,1,1,18,1470.722,1466.26
parking-opt14-strips,p_12_7-03.pddl,stock,1,1,17,1188.921,1183.28
parking-opt14-strips,p_12_7-03.pddl,policy,1,1,17,844.620,840.98
parking-opt14-strips,p_12_7-04.pddl,stock,1,0,,1799.699,
parking-opt14-strips,p_12_7-04.pddl,policy,1,0,,1799.844,
parking-opt14-strips,p_14_8-01.pddl,stock,1,0,,1800.007,
parking-opt14-strips,p_14_8-01.pddl,policy,1,0,,1800.008,
parking-opt14-strips,p_14_8-02.pddl,stock,1,0,,1799.715,
parking-opt14-strips,p_14_8-02.pddl,policy,1,0,,1799.720,
parking-opt14-strips,p_14_8-03.pddl,stock,1,0,,1799.816,
parking-opt14-strips,p_14_8-03.pddl,policy,1,0,,1800.089,
parking-opt14-strips,p_14_8-04.pddl,stock,1,0,,1799.623,
parking-opt14-strips,p_14_8-04.pddl,policy,1,0,,1799.684,
parking-opt14-strips,p_16_9-01.pddl,stock,1,0,,1800.334,
parking-opt14-strips,p_16_9-01.pddl,policy,1,0,,1800.326,
parking-opt14-strips,p_16_9-02.pddl,stock,1,0,,1799.326,
parking-opt14-strips,p_16_9-02.pddl,policy,1,0,,1799.727,
parking-opt14-strips,p_16_9-03.pddl,stock,1,0,,1800.333,
parking-opt14-strips,p_16_9-03.pddl,policy,1,0,,1800.476,
parking-opt14-strips,p_16_9-04.pddl,stock,1,0,,1800.520,
parking-opt14-strips,p_16_9-04.pddl,policy,1,0,,1800.356,
parking-opt14-strips,p_18_10-01.pddl,stock,1,0,,1800.187,
parking-opt14-strips,p_18_10-01.pddl,policy,1,0,,1799.811,
parking-opt14-strips,p_18_10-02.pddl,stock,1,0,,1799.667,
parking-opt14-strips,p_18_10-02.pddl,policy,1,0,,1800.023,
parking-opt14-strips,p_18_10-03.pddl,stock,1,0,,1800.207,
parking-opt14-strips,p_18_10-03.pddl,policy,1,0,,1799.929,
parking-opt14-strips,p_18_10-04.pddl,stock,1,0,,1800.054,
parking-opt14-strips,p_18_10-04.pddl,policy,1,0,,1799.922,
parking-opt14-strips,p_20_11-01.pddl,stock,1,0,,1800.309,
parking-opt14-strips,p_20_11-01.pddl,policy,1,0,,1799.939,
parking-opt14-strips,p_20_11-02.pddl,stock,1,0,,1800.425,
parking-opt14-strips,p_20_11-02.pddl,policy,1,0,,1799.633,
parking-opt14-strips,p_20_11-03.pddl,stock,1,0,,1799.956,
parking-opt14-strips,p_20_11-03.pddl,policy,1,0,,1800.249,
parking-opt14-strips,p_20_11-04.pddl,stock,1,0,,1800.089,
parking-opt14-strips,p_20_11-04.pddl,policy,1,0,,1800.361,
tpp,p01.pddl,stock,1,1,5,0.519,0.000578274
tpp,p01.pddl,policy,1,1,5,0.468,0.000726038
tpp,p02.pddl,stock,1,1,8,0.470,0.00100039
tpp,p02.pddl,policy,1,1,8,0.468,0.00106944
tpp,p03.pddl,stock,1,1,11,0.569,0.00143132
tpp,p03.pddl,policy,1,1,11,0.570,0.00170238
tpp,p04.pddl,stock,1,1,14,0.519,0.00258269
tpp,p04.pddl,policy,1,1,14,0.523,0.00300023
tpp,p05.pddl,stock,1,1,19,0.670,0.0178085
tpp,p05.pddl,policy,1,1,19,0.669,0.0152832
tpp,p06.pddl,stock,1,1,25,0.719,0.150603
tpp,p06.pddl,policy,1,1,25,0.871,0.194
tpp,p07.pddl,stock,1,1,34,1.234,0.597425
tpp,p07.pddl,policy,1,1,34,1.128,0.428367
tpp,p08.pddl,stock,1,1,40,2.128,1.40368
tpp,p08.pddl,policy,1,1,40,1.324,0.661922
tpp,p09.pddl,stock,1,0,,1799.581,
tpp,p09.pddl,policy,1,1,48,1130.670,1129.34
tpp,p10.pddl,stock,1,0,,1799.334,
tpp,p10.pddl,policy,1,0,,1799.544,
tpp,p11.pddl,stock,1,0,,1799.449,
tpp,p11.pddl,policy,1,0,,1799.551,
tpp,p12.pddl,stock,1,0,,1799.549,
tpp,p12.pddl,policy,1,0,,1799.720,
tpp,p13.pddl,stock,1,0,,1799.845,
tpp,p13.pddl,policy,1,0,,1799.888,
tpp,p14.pddl,stock,1,0,,1799.966,
tpp,p14.pddl,policy,1,0,,1800.012,
tpp,p15.pddl,stock,1,0,,1800.017,
tpp,p15.pddl,policy,1,0,,1800.164,
tpp,p16.pddl,stock,1,0,,1799.912,
tpp,p16.pddl,policy,1,0,,1799.431,
tpp,p17.pddl,stock,1,0,,1800.064,
tpp,p17.pddl,policy,1,0,,1799.980,
tpp,p18.pddl,stock,1,0,,1800.460,
tpp,p18.pddl,policy,1,0,,1800.081,
tpp,p19.pddl,stock,1,0,,1732.618,
tpp,p19.pddl,policy,1,0,,1800.542,
tpp,p20.pddl,stock,1,0,,1800.032,
tpp,p20.pddl,policy,1,0,,1800.024,
tpp,p21.pddl,stock,1,0,,1800.295,
tpp,p21.pddl,policy,1,0,,1730.324,
tpp,p22.pddl,stock,1,0,,1233.819,
tpp,p22.pddl,policy,1,0,,1543.025,
tpp,p23.pddl,stock,1,0,,1800.396,
tpp,p23.pddl,policy,1,0,,1800.054,
tpp,p24.pddl,stock,1,0,,1800.207,
tpp,p24.pddl,policy,1,0,,959.276,
tpp,p25.pddl,stock,1,0,,1320.661,
tpp,p25.pddl,policy,1,0,,1799.891,
tpp,p26.pddl,stock,1,0,,1800.732,
tpp,p26.pddl,policy,1,0,,1631.299,
tpp,p27.pddl,stock,1,0,,1502.726,
tpp,p27.pddl,policy,1,0,,1792.465,
tpp,p28.pddl,stock,1,0,,1800.831,
tpp,p28.pddl,policy,1,0,,1800.603,
tpp,p29.pddl,stock,1,0,,1454.246,
tpp,p29.pddl,policy,1,0,,1800.477,
tpp,p30.pddl,stock,1,0,,1800.815,
tpp,p30.pddl,policy,1,0,,1722.698,
woodworking-opt08-strips,p01.pddl,stock,1,1,170,0.726,0.0160002
woodworking-opt08-strips,p01.pddl,policy,1,1,170,0.724,0.0164086
woodworking-opt08-strips,p02.pddl,stock,1,1,185,0.670,0.0333875
woodworking-opt08-strips,p02.pddl,policy,1,1,185,0.678,0.0319112
woodworking-opt08-strips,p03.pddl,stock,1,1,275,1.026,0.276651
woodworking-opt08-strips,p03.pddl,policy,1,1,275,1.176,0.200964
woodworking-opt08-strips,p04.pddl,stock,1,1,280,1.836,0.893273
woodworking-opt08-strips,p04.pddl,policy,1,1,280,1.477,0.582719
woodworking-opt08-strips,p05.pddl,stock,1,1,270,3.235,2.16511
woodworking-opt08-strips,p05.pddl,policy,1,1,270,2.949,1.82816
woodworking-opt08-strips,p06.pddl,stock,1,1,430,11.847,10.7161
woodworking-opt08-strips,p06.pddl,policy,1,1,430,8.012,7.08178
woodworking-opt08-strips,p07.pddl,stock,1,1,400,109.193,107.578
woodworking-opt08-strips,p07.pddl,policy,1,1,400,12.309,10.8844
woodworking-opt08-strips,p08.pddl,stock,1,1,430,185.645,183.785
woodworking-opt08-strips,p08.pddl,policy,1,1,430,90.567,88.9467
woodworking-opt08-strips,p09.pddl,stock,1,1,445,6.905,5.72466
woodworking-opt08-strips,p09.pddl,policy,1,1,445,7.964,6.49654
woodworking-opt08-strips,p10.pddl,stock,1,0,,1800.329,
woodworking-opt08-strips,p10.pddl,policy,1,0,,1800.232,
woodworking-opt08-strips,p11.pddl,stock,1,1,130,0.672,0.00994375
woodworking-opt08-strips,p11.pddl,policy,1,1,130,0.671,0.00978646
woodworking-opt08-strips,p12.pddl,stock,1,1,225,1.072,0.0893541
woodworking-opt08-strips,p12.pddl,policy,1,1,225,0.871,0.0646249
woodworking-opt08-strips,p13.pddl,stock,1,1,215,1.175,0.292312
woodworking-opt08-strips,p13.pddl,policy,1,1,215,1.124,0.282428
woodworking-opt08-strips,p14.pddl,stock,1,1,225,1.273,0.370312
woodworking-opt08-strips,p14.pddl,policy,1,1,225,1.124,0.286444
woodworking-opt08-strips,p15.pddl,stock,1,1,270,4.392,3.35043
woodworking-opt08-strips,p15.pddl,policy,1,1,270,2.340,1.20292
woodworking-opt08-strips,p16.pddl,stock,1,1,315,2.982,1.8686
woodworking-opt08-strips,p16.pddl,policy,1,1,315,3.032,1.85578
woodworking-opt08-strips,p17.pddl,stock,1,1,290,12.946,11.5211
woodworking-opt08-strips,p17.pddl,policy,1,1,290,10.380,8.97345
woodworking-opt08-strips,p18.pddl,stock,1,1,455,138.758,136.905
woodworking-opt08-strips,p18.pddl,policy,1,1,455,142.173,140.464
woodworking-opt08-strips,p19.pddl,stock,1,1,415,358.653,356.345
woodworking-opt08-strips,p19.pddl,policy,1,1,415,586.526,584.281
woodworking-opt08-strips,p20.pddl,stock,1,1,490,1220.131,1216.47
woodworking-opt08-strips,p20.pddl,policy,1,1,490,1012.805,1010.15
woodworking-opt08-strips,p21.pddl,stock,1,1,95,0.721,0.0108979
woodworking-opt08-strips,p21.pddl,policy,1,1,95,0.669,0.00821561
woodworking-opt08-strips,p22.pddl,stock,1,1,185,0.722,0.0440009
woodworking-opt08-strips,p22.pddl,policy,1,1,185,0.771,0.0389885
woodworking-opt08-strips,p23.pddl,stock,1,1,195,0.820,0.0835335
woodworking-opt08-strips,p23.pddl,policy,1,1,195,0.820,0.0685963
woodworking-opt08-strips,p24.pddl,stock,1,1,245,1.224,0.387531
woodworking-opt08-strips,p24.pddl,policy,1,1,245,1.126,0.295995
woodworking-opt08-strips,p25.pddl,stock,1,1,380,9.385,8.32347
woodworking-opt08-strips,p25.pddl,policy,1,1,380,3.790,2.76395
woodworking-opt08-strips,p26.pddl,stock,1,1,240,3.436,2.59396
woodworking-opt08-strips,p26.pddl,policy,1,1,240,2.733,1.71717
woodworking-opt08-strips,p27.pddl,stock,1,1,350,8.013,6.81773
woodworking-opt08-strips,p27.pddl,policy,1,1,350,5.599,4.31821
woodworking-opt08-strips,p28.pddl,stock,1,1,555,591.422,589.44
woodworking-opt08-strips,p28.pddl,policy,1,1,555,19.133,17.6753
woodworking-opt08-strips,p29.pddl,stock,1,0,,1800.040,
woodworking-opt08-strips,p29.pddl,policy,1,1,545,1227.305,1224.4
woodworking-opt08-strips,p30.pddl,stock,1,0,,1799.938,
woodworking-opt08-strips,p30.pddl,policy,1,0,,1800.075,
woodworking-opt11-strips,p01.pddl,stock,1,1,195,0.821,0.080645
woodworking-opt11-strips,p01.pddl,policy,1,1,195,0.820,0.0712405
woodworking-opt11-strips,p02.pddl,stock,1,1,225,0.877,0.0900004
woodworking-opt11-strips,p02.pddl,policy,1,1,225,0.871,0.0670717
woodworking-opt11-strips,p03.pddl,stock,1,1,215,1.223,0.318445
woodworking-opt11-strips,p03.pddl,policy,1,1,215,1.172,0.287273
woodworking-opt11-strips,p04.pddl,stock,1,1,275,1.172,0.295
woodworking-opt11-strips,p04.pddl,policy,1,1,275,1.076,0.204047
woodworking-opt11-strips,p05.pddl,stock,1,1,245,1.273,0.380311
woodworking-opt11-strips,p05.pddl,policy,1,1,245,1.172,0.299989
woodworking-opt11-strips,p06.pddl,stock,1,1,280,1.776,0.871742
woodworking-opt11-strips,p06.pddl,policy,1,1,280,1.524,0.623417
woodworking-opt11-strips,p07.pddl,stock,1,1,225,1.175,0.353668
woodworking-opt11-strips,p07.pddl,policy,1,1,225,1.125,0.293555
woodworking-opt11-strips,p08.pddl,stock,1,1,380,6.808,5.81987
woodworking-opt11-strips,p08.pddl,policy,1,1,380,5.544,4.47466
woodworking-opt11-strips,p09.pddl,stock,1,1,270,3.587,2.41722
woodworking-opt11-strips,p09.pddl,policy,1,1,270,3.083,1.88391
woodworking-opt11-strips,p10.pddl,stock,1,1,270,4.341,3.25573
woodworking-opt11-strips,p10.pddl,policy,1,1,270,2.279,1.20299
woodworking-opt11-strips,p11.pddl,stock,1,1,240,4.797,3.65143
woodworking-opt11-strips,p11.pddl,policy,1,1,240,2.886,1.73983
woodworking-opt11-strips,p12.pddl,stock,1,1,315,2.935,1.7956
woodworking-opt11-strips,p12.pddl,policy,1,1,315,3.186,1.91719
woodworking-opt11-strips,p13.pddl,stock,1,1,430,12.493,11.2754
woodworking-opt11-strips,p13.pddl,policy,1,1,430,9.372,8.11061
woodworking-opt11-strips,p14.pddl,stock,1,1,350,8.519,7.27463
woodworking-opt11-strips,p14.pddl,policy,1,1,350,5.449,4.27316
woodworking-opt11-strips,p15.pddl,stock,1,1,290,13.044,11.6753
woodworking-opt11-strips,p15.pddl,policy,1,1,290,8.060,6.7525
woodworking-opt11-strips,p16.pddl,stock,1,1,400,137.483,136.08
woodworking-opt11-strips,p16.pddl,policy,1,1,400,11.234,9.85988
woodworking-opt11-strips,p17.pddl,stock,1,1,555,827.483,825.541
woodworking-opt11-strips,p17.pddl,policy,1,1,555,19.384,17.9808
woodworking-opt11-strips,p18.pddl,stock,1,1,455,153.220,151.461
woodworking-opt11-strips,p18.pddl,policy,1,1,455,167.975,166.539
woodworking-opt11-strips,p19.pddl,stock,1,1,430,197.950,195.896
woodworking-opt11-strips,p19.pddl,policy,1,1,430,90.497,88.8479
woodworking-opt11-strips,p20.pddl,stock,1,0,,1800.165,
woodworking-opt11-strips,p20.pddl,policy,1,1,545,1280.147,1277.26
barman-opt11-strips,pfile01-001.pddl,stock,2,1,90,15.558,14.5279
barman-opt11-strips,pfile01-001.pddl,policy,2,1,90,10.579,9.55863
barman-opt11-strips,pfile01-002.pddl,stock,2,1,90,10.939,9.90483
barman-opt11-strips,pfile01-002.pddl,policy,2,1,90,8.313,7.33763
barman-opt11-strips,pfile01-003.pddl,stock,2,1,90,11.337,10.2623
barman-opt11-strips,pfile01-003.pddl,policy,2,1,90,5.701,4.68928
barman-opt11-strips,pfile01-004.pddl,stock,2,1,90,10.937,9.91786
barman-opt11-strips,pfile01-004.pddl,policy,2,1,90,8.468,7.44471
barman-opt11-strips,pfile02-005.pddl,stock,2,1,121,142.289,140.632
barman-opt11-strips,pfile02-005.pddl,policy,2,1,121,171.588,169.737
barman-opt11-strips,pfile02-006.pddl,stock,2,1,121,197.362,195.457
barman-opt11-strips,pfile02-006.pddl,policy,2,1,121,114.894,113.324
barman-opt11-strips,pfile02-007.pddl,stock,2,1,121,147.711,145.922
barman-opt11-strips,pfile02-007.pddl,policy,2,1,121,100.663,99.0879
barman-opt11-strips,pfile02-008.pddl,stock,2,1,121,134.627,133.003
barman-opt11-strips,pfile02-008.pddl,policy,2,1,121,101.352,99.7814
barman-opt11-strips,pfile03-009.pddl,stock,2,0,,1799.971,
barman-opt11-strips,pfile03-009.pddl,policy,2,0,,1799.875,
barman-opt11-strips,pfile03-010.pddl,stock,2,0,,1799.564,
barman-opt11-strips,pfile03-010.pddl,policy,2,1,152,1511.403,1505.83
barman-opt11-strips,pfile03-011.pddl,stock,2,1,152,1539.170,1533.64
barman-opt11-strips,pfile03-011.pddl,policy,2,1,152,1414.504,1409.73
barman-opt11-strips,pfile03-012.pddl,stock,2,0,,1799.888,
barman-opt11-strips,pfile03-012.pddl,policy,2,1,152,1513.389,1508.37
barman-opt11-strips,pfile04-013.pddl,stock,2,0,,1800.113,
barman-opt11-strips,pfile04-013.pddl,policy,2,0,,1800.112,
barman-opt11-strips,pfile04-014.pddl,stock,2,0,,1799.995,
barman-opt11-strips,pfile04-014.pddl,policy,2,0,,1799.942,
barman-opt11-strips,pfile04-015.pddl,stock,2,0,,1800.034,
barman-opt11-strips,pfile04-015.pddl,policy,2,0,,1799.809,
barman-opt11-strips,pfile04-016.pddl,stock,2,0,,1800.238,
barman-opt11-strips,pfile04-016.pddl,policy,2,0,,1800.510,
barman-opt11-strips,pfile05-017.pddl,stock,2,0,,1800.193,
barman-opt11-strips,pfile05-017.pddl,policy,2,0,,1800.273,
barman-opt11-strips,pfile05-018.pddl,stock,2,0,,1800.172,
barman-opt11-strips,pfile05-018.pddl,policy,2,0,,1800.332,
barman-opt11-strips,pfile05-019.pddl,stock,2,0,,1799.897,
barman-opt11-strips,pfile05-019.pddl,policy,2,0,,1800.267,
barman-opt11-strips,pfile05-020.pddl,stock,2,0,,1799.964,
barman-opt11-strips,pfile05-020.pddl,policy,2,0,,1800.214,
parking-opt14-strips,p_12_7-01.pddl,stock,2,0,,1799.894,
parking-opt14-strips,p_12_7-01.pddl,policy,2,1,18,1457.630,1452.78
parking-opt14-strips,p_12_7-02.pddl,stock,2,0,,1799.828,
parking-opt14-strips,p_12_7-02.pddl,policy,2,1,18,1455.198,1450.45
parking-opt14-strips,p_12_7-03.pddl,stock,2,0,,1799.951,
parking-opt14-strips,p_12_7-03.pddl,policy,2,1,17,943.391,939.451
parking-opt14-strips,p_12_7-04.pddl,stock,2,0,,1800.159,
parking-opt14-strips,p_12_7-04.pddl,policy,2,0,,1799.640,
parking-opt14-strips,p_14_8-01.pddl,stock,2,0,,1799.956,
parking-opt14-strips,p_14_8-01.pddl,policy,2,0,,1800.195,
parking-opt14-strips,p_14_8-02.pddl,stock,2,0,,1799.890,
parking-opt14-strips,p_14_8-02.pddl,policy,2,0,,1799.742,
parking-opt14-strips,p_14_8-03.pddl,stock,2,0,,1799.802,
parking-opt14-strips,p_14_8-03.pddl,policy,2,0,,1799.804,
parking-opt14-strips,p_14_8-04.pddl,stock,2,0,,1799.607,
parking-opt14-strips,p_14_8-04.pddl,policy,2,0,,1799.739,
parking-opt14-strips,p_16_9-01.pddl,stock,2,0,,1800.233,
parking-opt14-strips,p_16_9-01.pddl,policy,2,0,,1799.394,
parking-opt14-strips,p_16_9-02.pddl,stock,2,0,,1800.548,
parking-opt14-strips,p_16_9-02.pddl,policy,2,0,,1800.431,
parking-opt14-strips,p_16_9-03.pddl,stock,2,0,,1800.313,
parking-opt14-strips,p_16_9-03.pddl,policy,2,0,,1799.853,
parking-opt14-strips,p_16_9-04.pddl,stock,2,0,,1800.251,
parking-opt14-strips,p_16_9-04.pddl,policy,2,0,,1800.238,
parking-opt14-strips,p_18_10-01.pddl,stock,2,0,,1799.900,
parking-opt14-strips,p_18_10-01.pddl,policy,2,0,,1800.072,
parking-opt14-strips,p_18_10-02.pddl,stock,2,0,,1800.124,
parking-opt14-strips,p_18_10-02.pddl,policy,2,0,,1799.887,
parking-opt14-strips,p_18_10-03.pddl,stock,2,0,,1799.697,
parking-opt14-strips,p_18_10-03.pddl,policy,2,0,,1799.759,
parking-opt14-strips,p_18_10-04.pddl,stock,2,0,,1799.393,
parking-opt14-strips,p_18_10-04.pddl,policy,2,0,,1799.548,
parking-opt14-strips,p_20_11-01.pddl,stock,2,0,,1799.893,
parking-opt14-strips,p_20_11-01.pddl,policy,2,0,,1799.966,
parking-opt14-strips,p_20_11-02.pddl,stock,2,0,,1800.277,
parking-opt14-strips,p_20_11-02.pddl,policy,2,0,,1799.685,
parking-opt14-strips,p_20_11-03.pddl,stock,2,0,,1799.983,
parking-opt14-strips,p_20_11-03.pddl,policy,2,0,,1799.971,
parking-opt14-strips,p_20_11-04.pddl,stock,2,0,,1799.774,
parking-opt14-strips,p_20_11-04.pddl,policy,2,0,,1799.625,
tpp,p01.pddl,stock,2,1,5,0.518,0.000549321
tpp,p01.pddl,policy,2,1,5,0.468,0.000794532
tpp,p02.pddl,stock,2,1,8,0.518,0.00100028
tpp,p02.pddl,policy,2,1,8,0.518,0.00116536
tpp,p03.pddl,stock,2,1,11,0.619,0.00184858
tpp,p03.pddl,policy,2,1,11,0.618,0.00175694
tpp,p04.pddl,stock,2,1,14,0.518,0.00312725
tpp,p04.pddl,policy,2,1,14,0.518,0.00273048
tpp,p05.pddl,stock,2,1,19,0.669,0.0168843
tpp,p05.pddl,policy,2,1,19,0.669,0.0161076
tpp,p06.pddl,stock,2,1,25,0.870,0.20776
tpp,p06.pddl,policy,2,1,25,0.920,0.187196
tpp,p07.pddl,stock,2,1,34,1.221,0.562362
tpp,p07.pddl,policy,2,1,34,1.070,0.439493
tpp,p08.pddl,stock,2,1,40,2.126,1.42094
tpp,p08.pddl,policy,2,1,40,1.321,0.627053
tpp,p09.pddl,stock,2,0,,1799.345,
tpp,p09.pddl,policy,2,1,48,921.689,920.807
tpp,p10.pddl,stock,2,0,,1799.342,
tpp,p10.pddl,policy,2,0,,1799.355,
tpp,p11.pddl,stock,2,0,,1799.398,
tpp,p11.pddl,policy,2,0,,1799.404,
tpp,p12.pddl,stock,2,0,,1799.459,
tpp,p12.pddl,policy,2,0,,1799.424,
tpp,p13.pddl,stock,2,0,,1799.698,
tpp,p13.pddl,policy,2,0,,1799.585,
tpp,p14.pddl,stock,2,0,,1799.740,
tpp,p14.pddl,policy,2,0,,1799.586,
tpp,p15.pddl,stock,2,0,,1799.670,
tpp,p15.pddl,policy,2,0,,1799.797,
tpp,p16.pddl,stock,2,0,,1664.603,
tpp,p16.pddl,policy,2,0,,1800.013,
tpp,p17.pddl,stock,2,0,,1800.482,
tpp,p17.pddl,policy,2,0,,1800.350,
tpp,p18.pddl,stock,2,0,,1563.183,
tpp,p18.pddl,policy,2,0,,1799.338,
tpp,p19.pddl,stock,2,0,,1607.556,
tpp,p19.pddl,policy,2,0,,1799.529,
tpp,p20.pddl,stock,2,0,,1799.773,
tpp,p20.pddl,policy,2,0,,1401.635,
tpp,p21.pddl,stock,2,0,,1799.630,
tpp,p21.pddl,policy,2,0,,1544.590,
tpp,p22.pddl,stock,2,0,,1034.369,
tpp,p22.pddl,policy,2,0,,1596.880,
tpp,p23.pddl,stock,2,0,,1288.806,
tpp,p23.pddl,policy,2,0,,1608.549,
tpp,p24.pddl,stock,2,0,,1766.279,
tpp,p24.pddl,policy,2,0,,948.027,
tpp,p25.pddl,stock,2,0,,1134.189,
tpp,p25.pddl,policy,2,0,,1696.156,
tpp,p26.pddl,stock,2,0,,1606.485,
tpp,p26.pddl,policy,2,0,,1440.863,
tpp,p27.pddl,stock,2,0,,1580.334,
tpp,p27.pddl,policy,2,0,,1265.913,
tpp,p28.pddl,stock,2,0,,1021.360,
tpp,p28.pddl,policy,2,0,,1539.069,
tpp,p29.pddl,stock,2,0,,657.234,
tpp,p29.pddl,policy,2,0,,1182.922,
tpp,p30.pddl,stock,2,0,,1799.582,
tpp,p30.pddl,policy,2,0,,1581.481,
woodworking-opt08-strips,p01.pddl,stock,2,1,170,0.517,0.00940482
woodworking-opt08-strips,p01.pddl,policy,2,1,170,0.517,0.0116486
woodworking-opt08-strips,p02.pddl,stock,2,1,185,0.467,0.0201245
woodworking-opt08-strips,p02.pddl,policy,2,1,185,0.517,0.0194644
woodworking-opt08-strips,p03.pddl,stock,2,1,275,0.820,0.182843
woodworking-opt08-strips,p03.pddl,policy,2,1,275,0.769,0.124005
woodworking-opt08-strips,p04.pddl,stock,2,1,280,1.221,0.570909
woodworking-opt08-strips,p04.pddl,policy,2,1,280,1.071,0.422736
woodworking-opt08-strips,p05.pddl,stock,2,1,270,2.430,1.59172
woodworking-opt08-strips,p05.pddl,policy,2,1,270,2.078,1.27899
woodworking-opt08-strips,p06.pddl,stock,2,1,430,7.957,7.18986
woodworking-opt08-strips,p06.pddl,policy,2,1,430,6.001,5.22291
woodworking-opt08-strips,p07.pddl,stock,2,1,400,85.478,84.4322
woodworking-opt08-strips,p07.pddl,policy,2,1,400,7.510,6.56114
woodworking-opt08-strips,p08.pddl,stock,2,1,430,149.196,147.82
woodworking-opt08-strips,p08.pddl,policy,2,1,430,52.791,51.6288
woodworking-opt08-strips,p09.pddl,stock,2,1,445,5.095,4.15373
woodworking-opt08-strips,p09.pddl,policy,2,1,445,5.701,4.77687
woodworking-opt08-strips,p10.pddl,stock,2,0,,1799.695,
woodworking-opt08-strips,p10.pddl,policy,2,0,,1799.737,
woodworking-opt08-strips,p11.pddl,stock,2,1,130,0.518,0.00659066
woodworking-opt08-strips,p11.pddl,policy,2,1,130,0.518,0.00663803
woodworking-opt08-strips,p12.pddl,stock,2,1,225,0.669,0.0510001
woodworking-opt08-strips,p12.pddl,policy,2,1,225,0.618,0.0398683
woodworking-opt08-strips,p13.pddl,stock,2,1,215,0.820,0.189915
woodworking-opt08-strips,p13.pddl,policy,2,1,215,0.820,0.176744
woodworking-opt08-strips,p14.pddl,stock,2,1,225,0.819,0.226963
woodworking-opt08-strips,p14.pddl,policy,2,1,225,0.819,0.186698
woodworking-opt08-strips,p15.pddl,stock,2,1,270,2.934,2.1714
woodworking-opt08-strips,p15.pddl,policy,2,1,270,1.525,0.792427
woodworking-opt08-strips,p16.pddl,stock,2,1,315,1.976,1.17848
woodworking-opt08-strips,p16.pddl,policy,2,1,315,2.028,1.23919
woodworking-opt08-strips,p17.pddl,stock,2,1,290,8.823,7.88088
woodworking-opt08-strips,p17.pddl,policy,2,1,290,7.157,6.18538
woodworking-opt08-strips,p18.pddl,stock,2,1,455,87.163,86.0667
woodworking-opt08-strips,p18.pddl,policy,2,1,455,90.629,89.5057
woodworking-opt08-strips,p19.pddl,stock,2,1,415,276.221,274.688
woodworking-opt08-strips,p19.pddl,policy,2,1,415,395.331,393.636
woodworking-opt08-strips,p20.pddl,stock,2,1,490,930.453,928.47
woodworking-opt08-strips,p20.pddl,policy,2,1,490,677.971,676.225
woodworking-opt08-strips,p21.pddl,stock,2,1,95,0.467,0.00574823
woodworking-opt08-strips,p21.pddl,policy,2,1,95,0.467,0.00567711
woodworking-opt08-strips,p22.pddl,stock,2,1,185,0.518,0.0277904
woodworking-opt08-strips,p22.pddl,policy,2,1,185,0.517,0.0237979
woodworking-opt08-strips,p23.pddl,stock,2,1,195,0.618,0.0516251
woodworking-opt08-strips,p23.pddl,policy,2,1,195,0.568,0.0429991
woodworking-opt08-strips,p24.pddl,stock,2,1,245,0.869,0.24809
woodworking-opt08-strips,p24.pddl,policy,2,1,245,0.769,0.181999
woodworking-opt08-strips,p25.pddl,stock,2,1,380,5.749,4.98893
woodworking-opt08-strips,p25.pddl,policy,2,1,380,3.332,2.55887
woodworking-opt08-strips,p26.pddl,stock,2,1,240,3.234,2.41399
woodworking-opt08-strips,p26.pddl,policy,2,1,240,1.875,1.08899
woodworking-opt08-strips,p27.pddl,stock,2,1,350,5.598,4.7174
woodworking-opt08-strips,p27.pddl,policy,2,1,350,3.739,2.86423
woodworking-opt08-strips,p28.pddl,stock,2,1,555,623.313,622.061
woodworking-opt08-strips,p28.pddl,policy,2,1,555,12.591,11.6257
woodworking-opt08-strips,p29.pddl,stock,2,1,545,1316.173,1314.34
woodworking-opt08-strips,p29.pddl,policy,2,1,545,910.937,909.266
woodworking-opt08-strips,p30.pddl,stock,2,0,,1799.653,
woodworking-opt08-strips,p30.pddl,policy,2,0,,1799.594,
woodworking-opt11-strips,p01.pddl,stock,2,1,195,0.618,0.0519197
woodworking-opt11-strips,p01.pddl,policy,2,1,195,0.618,0.0449994
woodworking-opt11-strips,p02.pddl,stock,2,1,225,0.618,0.0487886
woodworking-opt11-strips,p02.pddl,policy,2,1,225,0.618,0.0380466
woodworking-opt11-strips,p03.pddl,stock,2,1,215,0.819,0.190997
woodworking-opt11-strips,p03.pddl,policy,2,1,215,0.819,0.177377
woodworking-opt11-strips,p04.pddl,stock,2,1,275,0.820,0.190276
woodworking-opt11-strips,p04.pddl,policy,2,1,275,0.769,0.129798
woodworking-opt11-strips,p05.pddl,stock,2,1,245,0.869,0.245405
woodworking-opt11-strips,p05.pddl,policy,2,1,245,0.820,0.185463
woodworking-opt11-strips,p06.pddl,stock,2,1,280,1.221,0.583999
woodworking-opt11-strips,p06.pddl,policy,2,1,280,1.070,0.428696
woodworking-opt11-strips,p07.pddl,stock,2,1,225,0.819,0.222
woodworking-opt11-strips,p07.pddl,policy,2,1,225,0.820,0.202746
woodworking-opt11-strips,p08.pddl,stock,2,1,380,5.852,5.07552
woodworking-opt11-strips,p08.pddl,policy,2,1,380,3.093,2.30091
woodworking-opt11-strips,p09.pddl,stock,2,1,270,2.430,1.59571
woodworking-opt11-strips,p09.pddl,policy,2,1,270,2.078,1.2516
woodworking-opt11-strips,p10.pddl,stock,2,1,270,2.931,2.15988
woodworking-opt11-strips,p10.pddl,policy,2,1,270,1.575,0.801799
woodworking-opt11-strips,p11.pddl,stock,2,1,240,3.184,2.36182
woodworking-opt11-strips,p11.pddl,policy,2,1,240,2.026,1.19997
woodworking-opt11-strips,p12.pddl,stock,2,1,315,2.028,1.23614
woodworking-opt11-strips,p12.pddl,policy,2,1,315,1.976,1.20718
woodworking-opt11-strips,p13.pddl,stock,2,1,430,8.018,7.20968
woodworking-opt11-strips,p13.pddl,policy,2,1,430,5.800,5.01034
woodworking-opt11-strips,p14.pddl,stock,2,1,350,5.297,4.47392
woodworking-opt11-strips,p14.pddl,policy,2,1,350,3.737,2.8801
woodworking-opt11-strips,p15.pddl,stock,2,1,290,8.670,7.7369
woodworking-opt11-strips,p15.pddl,policy,2,1,290,7.312,6.33407
woodworking-opt11-strips,p16.pddl,stock,2,1,400,89.431,88.3848
woodworking-opt11-strips,p16.pddl,policy,2,1,400,7.615,6.6652
woodworking-opt11-strips,p17.pddl,stock,2,1,555,507.828,506.63
woodworking-opt11-strips,p17.pddl,policy,2,1,555,12.839,11.8893
woodworking-opt11-strips,p18.pddl,stock,2,1,455,85.505,84.4044
woodworking-opt11-strips,p18.pddl,policy,2,1,455,44.389,43.3177
woodworking-opt11-strips,p19.pddl,stock,2,1,430,150.133,148.706
woodworking-opt11-strips,p19.pddl,policy,2,1,430,59.895,58.757
woodworking-opt11-strips,p20.pddl,stock,2,1,545,1233.954,1232.04
woodworking-opt11-strips,p20.pddl,policy,2,1,545,886.996,885.236
