domain,problem,config,solved,cost,wall,search_time,picked,tr_off,tr_on,probe_time
airport,p01-airport1-p1.pddl,off,1,8,0.827,0.00631865,,,,
airport,p01-airport1-p1.pddl,on,1,8,0.625,0.00650732,,,,
airport,p01-airport1-p1.pddl,selector,1,8,0.928,0.00643024,presolve,,,
airport,p02-airport1-p1.pddl,off,1,9,0.726,0.0067075,,,,
airport,p02-airport1-p1.pddl,on,1,9,0.675,0.00618413,,,,
airport,p02-airport1-p1.pddl,selector,1,9,0.925,0.00604059,presolve,,,
airport,p03-airport1-p2.pddl,off,1,17,1.124,0.0276078,,,,
airport,p03-airport1-p2.pddl,on,1,17,1.275,0.027549,,,,
airport,p03-airport1-p2.pddl,selector,1,17,1.324,0.0264049,presolve,,,
airport,p04-airport2-p1.pddl,off,1,20,0.872,0.011579,,,,
airport,p04-airport2-p1.pddl,on,1,20,0.824,0.0155746,,,,
airport,p04-airport2-p1.pddl,selector,1,20,1.226,0.0170006,presolve,,,
airport,p05-airport2-p1.pddl,off,1,21,0.979,0.0169131,,,,
airport,p05-airport2-p1.pddl,on,1,21,0.877,0.0180157,,,,
airport,p05-airport2-p1.pddl,selector,1,21,1.028,0.0167745,presolve,,,
airport,p06-airport2-p2.pddl,off,1,41,1.483,0.0698553,,,,
airport,p06-airport2-p2.pddl,on,1,41,1.282,0.0702388,,,,
airport,p06-airport2-p2.pddl,selector,1,41,1.683,0.0619913,presolve,,,
airport,p07-airport2-p2.pddl,off,1,41,1.530,0.0579997,,,,
airport,p07-airport2-p2.pddl,on,1,41,1.380,0.0709999,,,,
airport,p07-airport2-p2.pddl,selector,1,41,1.631,0.0659998,presolve,,,
airport,p08-airport2-p3.pddl,off,1,62,2.441,0.415636,,,,
airport,p08-airport2-p3.pddl,on,1,62,2.788,0.708716,,,,
airport,p08-airport2-p3.pddl,selector,1,62,2.482,0.420513,presolve,,,
airport,p09-airport2-p4.pddl,off,1,71,3.339,1.08906,,,,
airport,p09-airport2-p4.pddl,on,1,71,3.397,0.846073,,,,
airport,p09-airport2-p4.pddl,selector,1,71,3.488,1.06099,presolve,,,
airport,p10-airport3-p1.pddl,off,1,18,0.881,0.00921209,,,,
airport,p10-airport3-p1.pddl,on,1,18,0.827,0.012584,,,,
airport,p10-airport3-p1.pddl,selector,1,18,1.030,0.00928991,presolve,,,
airport,p11-airport3-p1.pddl,off,1,21,0.981,0.0165366,,,,
airport,p11-airport3-p1.pddl,on,1,21,0.931,0.0178252,,,,
airport,p11-airport3-p1.pddl,selector,1,21,1.121,0.0161584,presolve,,,
airport,p12-airport3-p2.pddl,off,1,39,1.421,0.0564841,,,,
airport,p12-airport3-p2.pddl,on,1,39,1.272,0.0569786,,,,
airport,p12-airport3-p2.pddl,selector,1,39,1.624,0.0529997,presolve,,,
airport,p13-airport3-p2.pddl,off,1,37,1.422,0.0488844,,,,
airport,p13-airport3-p2.pddl,on,1,37,1.271,0.0504222,,,,
airport,p13-airport3-p2.pddl,selector,1,37,1.524,0.0485885,presolve,,,
airport,p14-airport3-p3.pddl,off,1,60,2.326,0.422298,,,,
airport,p14-airport3-p3.pddl,on,1,60,2.227,0.287207,,,,
airport,p14-airport3-p3.pddl,selector,1,60,2.632,0.572878,presolve,,,
airport,p15-airport3-p3.pddl,off,1,58,2.277,0.287024,,,,
airport,p15-airport3-p3.pddl,on,1,58,2.579,0.5255,,,,
airport,p15-airport3-p3.pddl,selector,1,58,2.378,0.285175,presolve,,,
airport,p16-airport3-p4.pddl,off,1,79,7.054,4.68494,,,,
airport,p16-airport3-p4.pddl,on,1,79,10.679,7.9698,,,,
airport,p16-airport3-p4.pddl,selector,1,79,7.156,4.69447,presolve,,,
airport,p17-airport3-p5.pddl,off,1,88,11.128,8.45956,,,,
airport,p17-airport3-p5.pddl,on,1,88,11.833,8.84518,,,,
airport,p17-airport3-p5.pddl,selector,1,88,11.335,8.52312,presolve,,,
airport,p18-airport3-p6.pddl,off,1,107,196.142,192.47,,,,
airport,p18-airport3-p6.pddl,on,1,107,103.123,99.2494,,,,
airport,p18-airport3-p6.pddl,selector,1,107,208.418,191.22,off,73642,115034,14.978
airport,p19-airport3-p6.pddl,off,1,90,6.702,3.66532,,,,
airport,p19-airport3-p6.pddl,on,1,90,6.702,3.68778,,,,
airport,p19-airport3-p6.pddl,selector,1,90,6.451,3.62645,presolve,,,
airport,p20-airport3-p7.pddl,off,1,115,410.200,405.751,,,,
airport,p20-airport3-p7.pddl,on,1,115,188.547,184.375,,,,
airport,p20-airport3-p7.pddl,selector,1,115,440.080,421.304,off,115698,129493,15.837
airport,p21-airport4halfMUC-p2.pddl,off,1,101,9.823,3.5749,,,,
airport,p21-airport4halfMUC-p2.pddl,on,1,101,10.727,4.39272,,,,
airport,p21-airport4halfMUC-p2.pddl,selector,1,101,9.872,3.57215,presolve,,,
airport,p22-airport4halfMUC-p3.pddl,off,1,148,45.391,33.4863,,,,
airport,p22-airport4halfMUC-p3.pddl,on,1,148,92.798,80.1825,,,,
airport,p22-airport4halfMUC-p3.pddl,selector,1,148,71.393,34.5826,off,135501,160150,34.051
airport,p23-airport4halfMUC-p4.pddl,off,1,168,1116.963,1092.92,,,,
airport,p23-airport4halfMUC-p4.pddl,on,0,,1800.354,,,,,
airport,p23-airport4halfMUC-p4.pddl,selector,1,168,1205.240,1137.69,off,218667,160817,62.080
airport,p24-airport4halfMUC-p4.pddl,off,0,,1800.106,,,,,
airport,p24-airport4halfMUC-p4.pddl,on,0,,1800.158,,,,,
airport,p24-airport4halfMUC-p4.pddl,selector,0,,1800.104,,off,212417,225985,73.389
airport,p25-airport4halfMUC-p5.pddl,off,0,,1800.056,,,,,
airport,p25-airport4halfMUC-p5.pddl,on,0,,1800.356,,,,,
airport,p25-airport4halfMUC-p5.pddl,selector,0,,1800.365,,on,405686,240395,99.858
airport,p26-airport4halfMUC-p6.pddl,off,0,,1800.288,,,,,
airport,p26-airport4halfMUC-p6.pddl,on,0,,1800.416,,,,,
airport,p26-airport4halfMUC-p6.pddl,selector,0,,1800.543,,on,610731,371679,153.900
airport,p27-airport4halfMUC-p6.pddl,off,0,,1799.439,,,,,
airport,p27-airport4halfMUC-p6.pddl,on,0,,1800.294,,,,,
airport,p27-airport4halfMUC-p6.pddl,selector,0,,1800.291,,on,759178,372974,168.739
airport,p28-airport4halfMUC-p7.pddl,off,0,,1588.212,,,,,
airport,p28-airport4halfMUC-p7.pddl,on,0,,1799.701,,,,,
airport,p28-airport4halfMUC-p7.pddl,selector,0,,1799.790,,on,998158,628084,237.188
airport,p29-airport4halfMUC-p8.pddl,off,0,,1800.186,,,,,
airport,p29-airport4halfMUC-p8.pddl,on,0,,1799.717,,,,,
airport,p29-airport4halfMUC-p8.pddl,selector,0,,1800.164,,on,1998009,557137,285.557
airport,p30-airport4halfMUC-p8.pddl,off,0,,1800.320,,,,,
airport,p30-airport4halfMUC-p8.pddl,on,0,,1800.103,,,,,
airport,p30-airport4halfMUC-p8.pddl,selector,0,,1799.725,,on,1696814,461581,302.262
airport,p31-airport4halfMUC-p9.pddl,off,0,,1799.672,,,,,
airport,p31-airport4halfMUC-p9.pddl,on,0,,1800.510,,,,,
airport,p31-airport4halfMUC-p9.pddl,selector,0,,1800.453,,on,2807220,510799,386.948
airport,p32-airport4halfMUC-p10.pddl,off,0,,1799.448,,,,,
airport,p32-airport4halfMUC-p10.pddl,on,0,,1800.275,,,,,
airport,p32-airport4halfMUC-p10.pddl,selector,0,,1800.055,,on,3144212,876079,510.472
airport,p33-airport4halfMUC-p10.pddl,off,0,,1800.206,,,,,
airport,p33-airport4halfMUC-p10.pddl,on,0,,1800.449,,,,,
airport,p33-airport4halfMUC-p10.pddl,selector,0,,1799.842,,on,3328715,682214,434.182
airport,p34-airport4halfMUC-p11.pddl,off,0,,1657.210,,,,,
airport,p34-airport4halfMUC-p11.pddl,on,0,,1801.550,,,,,
airport,p34-airport4halfMUC-p11.pddl,selector,0,,1801.223,,on,3266279,807290,581.853
airport,p35-airport4halfMUC-p12.pddl,off,0,,1801.660,,,,,
airport,p35-airport4halfMUC-p12.pddl,on,0,,1801.764,,,,,
airport,p35-airport4halfMUC-p12.pddl,selector,0,,1801.065,,on,3649853,1027030,632.298
airport,p36-airport5MUC-p2.pddl,off,1,109,55.045,37.946,,,,
airport,p36-airport5MUC-p2.pddl,on,1,109,128.567,111.117,,,,
airport,p36-airport5MUC-p2.pddl,selector,1,109,138.764,43.0135,off,185583,423255,92.219
airport,p37-airport5MUC-p3.pddl,off,0,,1365.817,,,,,
airport,p37-airport5MUC-p3.pddl,on,0,,1801.515,,,,,
airport,p37-airport5MUC-p3.pddl,selector,0,,1428.436,,off,452474,711181,156.119
airport,p38-airport5MUC-p3.pddl,off,0,,1800.858,,,,,
airport,p38-airport5MUC-p3.pddl,on,0,,1801.652,,,,,
airport,p38-airport5MUC-p3.pddl,selector,0,,1802.302,,off,477565,740052,147.713
airport,p39-airport5MUC-p4.pddl,off,0,,1214.955,,,,,
airport,p39-airport5MUC-p4.pddl,on,0,,1801.027,,,,,
airport,p39-airport5MUC-p4.pddl,selector,0,,1704.385,,off,883465,952194,256.526
airport,p40-airport5MUC-p4.pddl,off,0,,1801.581,,,,,
airport,p40-airport5MUC-p4.pddl,on,0,,1800.161,,,,,
airport,p40-airport5MUC-p4.pddl,selector,0,,1800.917,,off,877270,985458,263.939
airport,p41-airport5MUC-p4.pddl,off,0,,1801.619,,,,,
airport,p41-airport5MUC-p4.pddl,on,0,,1800.311,,,,,
airport,p41-airport5MUC-p4.pddl,selector,0,,1800.574,,off,951456,945719,226.426
airport,p42-airport5MUC-p5.pddl,off,0,,1800.893,,,,,
airport,p42-airport5MUC-p5.pddl,on,0,,1800.765,,,,,
airport,p42-airport5MUC-p5.pddl,selector,0,,1801.146,,off,1537328,1179321,390.995
airport,p43-airport5MUC-p5.pddl,off,0,,1801.070,,,,,
airport,p43-airport5MUC-p5.pddl,on,0,,1800.932,,,,,
airport,p43-airport5MUC-p5.pddl,selector,0,,1800.791,,off,1612115,1152850,352.765
airport,p44-airport5MUC-p5.pddl,off,0,,1800.632,,,,,
airport,p44-airport5MUC-p5.pddl,on,0,,1801.701,,,,,
airport,p44-airport5MUC-p5.pddl,selector,0,,1800.746,,off,1553208,1152572,405.324
airport,p45-airport5MUC-p6.pddl,off,0,,1801.439,,,,,
airport,p45-airport5MUC-p6.pddl,on,0,,1800.691,,,,,
airport,p45-airport5MUC-p6.pddl,selector,0,,1799.907,,on,2809992,1492028,683.209
airport,p46-airport5MUC-p6.pddl,off,0,,1800.403,,,,,
airport,p46-airport5MUC-p6.pddl,on,0,,1800.332,,,,,
airport,p46-airport5MUC-p6.pddl,selector,0,,1799.832,,on,2813795,1624339,615.223
airport,p47-airport5MUC-p8.pddl,off,0,,1800.162,,,,,
airport,p47-airport5MUC-p8.pddl,on,0,,1800.329,,,,,
airport,p47-airport5MUC-p8.pddl,selector,0,,1799.874,,on,6858409,2026412,801.273
airport,p48-airport5MUC-p9.pddl,off,0,,1800.786,,,,,
airport,p48-airport5MUC-p9.pddl,on,0,,1800.796,,,,,
airport,p48-airport5MUC-p9.pddl,selector,0,,1800.489,,on,6999082,2423604,843.713
airport,p49-airport5MUC-p10.pddl,off,0,,1800.894,,,,,
airport,p49-airport5MUC-p10.pddl,on,0,,1450.212,,,,,
airport,p49-airport5MUC-p10.pddl,selector,0,,1800.572,,off,,,945.905
airport,p50-airport5MUC-p15.pddl,off,0,,1800.153,,,,,
airport,p50-airport5MUC-p15.pddl,on,0,,1799.531,,,,,
airport,p50-airport5MUC-p15.pddl,selector,0,,1800.503,,off,,,1029.985
openstacks-opt14-strips,p20_1.pddl,off,1,3,1.071,0.287414,,,,
openstacks-opt14-strips,p20_1.pddl,on,1,3,1.129,0.287,,,,
openstacks-opt14-strips,p20_1.pddl,selector,1,3,1.223,0.295587,presolve,,,
openstacks-opt14-strips,p20_2.pddl,off,1,4,1.323,0.452469,,,,
openstacks-opt14-strips,p20_2.pddl,on,1,4,1.177,0.327763,,,,
openstacks-opt14-strips,p20_2.pddl,selector,1,4,1.374,0.385588,presolve,,,
openstacks-opt14-strips,p20_3.pddl,off,1,6,1.526,0.509445,,,,
openstacks-opt14-strips,p20_3.pddl,on,1,6,1.322,0.438225,,,,
openstacks-opt14-strips,p20_3.pddl,selector,1,6,1.327,0.360923,presolve,,,
openstacks-opt14-strips,p25_1.pddl,off,1,4,1.878,0.749493,,,,
openstacks-opt14-strips,p25_1.pddl,on,1,4,2.432,1.12449,,,,
openstacks-opt14-strips,p25_1.pddl,selector,1,4,2.380,1.02205,presolve,,,
openstacks-opt14-strips,p25_3.pddl,off,1,9,2.231,1.25956,,,,
openstacks-opt14-strips,p25_3.pddl,on,1,9,2.279,1.24822,,,,
openstacks-opt14-strips,p25_3.pddl,selector,1,9,2.486,1.18311,presolve,,,
openstacks-opt14-strips,p30_1.pddl,off,1,4,3.141,1.66599,,,,
openstacks-opt14-strips,p30_1.pddl,on,1,4,2.530,1.31519,,,,
openstacks-opt14-strips,p30_1.pddl,selector,1,4,2.382,1.13132,presolve,,,
openstacks-opt14-strips,p30_2.pddl,off,1,4,2.331,1.20882,,,,
openstacks-opt14-strips,p30_2.pddl,on,1,4,2.530,1.3293,,,,
openstacks-opt14-strips,p30_2.pddl,selector,1,4,3.287,1.62374,presolve,,,
openstacks-opt14-strips,p30_3.pddl,off,1,12,7.064,5.6099,,,,
openstacks-opt14-strips,p30_3.pddl,on,1,12,9.529,8.12804,,,,
openstacks-opt14-strips,p30_3.pddl,selector,1,12,7.869,6.03057,presolve,,,
openstacks-opt14-strips,p35_1.pddl,off,1,4,3.741,2.26378,,,,
openstacks-opt14-strips,p35_1.pddl,on,1,4,4.550,2.89076,,,,
openstacks-opt14-strips,p35_1.pddl,selector,1,4,3.844,2.17922,presolve,,,
openstacks-opt14-strips,p35_2.pddl,off,1,5,4.400,3.11191,,,,
openstacks-opt14-strips,p35_2.pddl,on,1,5,5.605,3.9745,,,,
openstacks-opt14-strips,p35_2.pddl,selector,1,5,4.848,3.16721,presolve,,,
openstacks-opt14-strips,p35_3.pddl,off,1,14,25.025,23.0066,,,,
openstacks-opt14-strips,p35_3.pddl,on,1,14,28.459,26.2981,,,,
openstacks-opt14-strips,p35_3.pddl,selector,1,14,33.739,20.1575,off,92880,113451,12.620
openstacks-opt14-strips,p40_1.pddl,off,1,3,6.957,5.21071,,,,
openstacks-opt14-strips,p40_1.pddl,on,1,3,5.246,3.40641,,,,
openstacks-opt14-strips,p40_1.pddl,selector,1,3,7.366,5.16079,presolve,,,
openstacks-opt14-strips,p40_2.pddl,off,1,4,7.374,5.33046,,,,
openstacks-opt14-strips,p40_2.pddl,on,1,4,7.765,5.74248,,,,
openstacks-opt14-strips,p40_2.pddl,selector,1,4,7.210,4.94275,presolve,,,
openstacks-opt14-strips,p40_3.pddl,off,1,15,61.315,59.3788,,,,
openstacks-opt14-strips,p40_3.pddl,on,1,15,92.905,90.113,,,,
openstacks-opt14-strips,p40_3.pddl,selector,1,15,75.147,60.8235,off,86797,104335,13.180
openstacks-opt14-strips,p45_1.pddl,off,1,4,9.023,6.50436,,,,
openstacks-opt14-strips,p45_1.pddl,on,1,4,8.217,6.20374,,,,
openstacks-opt14-strips,p45_1.pddl,selector,1,4,9.536,6.96718,presolve,,,
openstacks-opt14-strips,p45_2.pddl,off,1,5,15.016,12.84,,,,
openstacks-opt14-strips,p45_2.pddl,on,1,5,10.694,8.59912,,,,
openstacks-opt14-strips,p45_2.pddl,selector,1,5,25.331,11.5814,off,4826,4311,12.874
openstacks-opt14-strips,p45_3.pddl,off,1,19,382.878,379.901,,,,
openstacks-opt14-strips,p45_3.pddl,on,1,19,621.403,617.582,,,,
openstacks-opt14-strips,p45_3.pddl,selector,1,19,302.630,286.776,off,158649,238673,14.181
openstacks-opt14-strips,p50_1.pddl,off,1,4,13.156,10.9603,,,,
openstacks-opt14-strips,p50_1.pddl,on,1,4,11.242,9.41305,,,,
openstacks-opt14-strips,p50_1.pddl,selector,1,4,10.428,8.16235,presolve,,,
openstacks-opt14-strips,p50_2.pddl,off,1,5,24.734,22.598,,,,
openstacks-opt14-strips,p50_2.pddl,on,1,5,20.352,18.3849,,,,
openstacks-opt14-strips,p50_2.pddl,selector,1,5,38.396,24.0222,off,10069,8739,13.376
openstacks-opt14-strips,p50_3.pddl,off,1,18,412.151,408.451,,,,
openstacks-opt14-strips,p50_3.pddl,on,1,18,867.091,862.614,,,,
openstacks-opt14-strips,p50_3.pddl,selector,1,18,418.381,402.993,off,172515,252541,13.484
openstacks-strips,p01.pddl,off,1,23,0.973,0.0176429,,,,
openstacks-strips,p01.pddl,on,1,23,1.226,0.0176011,,,,
openstacks-strips,p01.pddl,selector,1,23,0.923,0.0116369,presolve,,,
openstacks-strips,p02.pddl,off,1,23,1.176,0.0145647,,,,
openstacks-strips,p02.pddl,on,1,23,0.819,0.0105435,,,,
openstacks-strips,p02.pddl,selector,1,23,1.328,0.0149682,presolve,,,
openstacks-strips,p03.pddl,off,1,23,1.073,0.0107668,,,,
openstacks-strips,p03.pddl,on,1,23,1.077,0.0185056,,,,
openstacks-strips,p03.pddl,selector,1,23,1.176,0.0169554,presolve,,,
openstacks-strips,p04.pddl,off,1,23,0.972,0.0178203,,,,
openstacks-strips,p04.pddl,on,1,23,1.474,0.0236127,,,,
openstacks-strips,p04.pddl,selector,1,23,1.173,0.017941,presolve,,,
openstacks-strips,p05.pddl,off,1,23,1.075,0.0166141,,,,
openstacks-strips,p05.pddl,on,1,23,1.225,0.0219528,,,,
openstacks-strips,p05.pddl,selector,1,23,1.123,0.0169429,presolve,,,
openstacks-strips,p06.pddl,off,1,45,31.612,0.234877,,,,
openstacks-strips,p06.pddl,on,1,45,37.313,0.23313,,,,
openstacks-strips,p06.pddl,selector,1,45,37.416,0.247346,presolve,,,
openstacks-strips,p07.pddl,off,1,46,36.588,0.296816,,,,
openstacks-strips,p07.pddl,on,1,46,28.146,0.304392,,,,
openstacks-strips,p07.pddl,selector,1,46,36.185,0.301814,presolve,,,
openstacks-strips,p08.pddl,off,1,87,65.142,2.60532,,,,
openstacks-strips,p08.pddl,on,1,87,84.642,27.6023,,,,
openstacks-strips,p08.pddl,selector,1,87,79.553,2.79979,presolve,,,
openstacks-strips,p09.pddl,off,1,87,53.506,3.68291,,,,
openstacks-strips,p09.pddl,on,1,87,44.661,15.4287,,,,
openstacks-strips,p09.pddl,selector,1,87,67.829,4.71311,presolve,,,
openstacks-strips,p10.pddl,off,1,89,198.801,149.522,,,,
openstacks-strips,p10.pddl,on,1,89,335.342,285.892,,,,
openstacks-strips,p10.pddl,selector,1,89,204.794,147.599,off,43650,84219,55.801
openstacks-strips,p11.pddl,off,1,89,204.055,155.395,,,,
openstacks-strips,p11.pddl,on,1,89,240.474,199.446,,,,
openstacks-strips,p11.pddl,selector,1,89,154.470,101.51,off,93619,104043,51.867
openstacks-strips,p12.pddl,off,1,92,135.246,98.0765,,,,
openstacks-strips,p12.pddl,on,1,92,195.869,155.407,,,,
openstacks-strips,p12.pddl,selector,1,92,143.648,81.5135,off,55238,61916,60.605
openstacks-strips,p13.pddl,off,1,96,289.356,249.921,,,,
openstacks-strips,p13.pddl,on,1,96,357.542,321.297,,,,
openstacks-strips,p13.pddl,selector,1,96,322.026,281.483,on,201405,97469,38.798
openstacks-strips,p14.pddl,off,1,95,113.802,79.5664,,,,
openstacks-strips,p14.pddl,on,1,95,273.345,222.511,,,,
openstacks-strips,p14.pddl,selector,1,95,146.676,88.3919,off,131918,121001,56.790
openstacks-strips,p15.pddl,off,1,93,87.885,39.017,,,,
openstacks-strips,p15.pddl,on,1,93,101.046,48.6963,,,,
openstacks-strips,p15.pddl,selector,1,93,82.129,29.5933,off,74641,73077,51.458
openstacks-strips,p16.pddl,off,1,94,76.749,37.281,,,,
openstacks-strips,p16.pddl,on,1,94,102.787,67.7988,,,,
openstacks-strips,p16.pddl,selector,1,94,95.774,37.0074,off,60686,99253,57.481
openstacks-strips,p17.pddl,off,1,112,60.733,15.7315,,,,
openstacks-strips,p17.pddl,on,1,112,332.830,288.289,,,,
openstacks-strips,p17.pddl,selector,1,112,72.420,15.3883,off,82178,133548,55.738
openstacks-strips,p18.pddl,off,1,178,452.500,406.122,,,,
openstacks-strips,p18.pddl,on,0,,1800.199,,,,,
openstacks-strips,p18.pddl,selector,1,178,521.902,467.726,off,42592,172583,51.219
openstacks-strips,p19.pddl,off,1,109,238.493,202.139,,,,
openstacks-strips,p19.pddl,on,0,,1799.362,,,,,
openstacks-strips,p19.pddl,selector,1,109,228.864,173.53,off,65703,48391,53.789
openstacks-strips,p20.pddl,off,0,,1800.183,,,,,
openstacks-strips,p20.pddl,on,0,,1800.015,,,,,
openstacks-strips,p20.pddl,selector,0,,1799.827,,off,93083,142822,54.341
openstacks-strips,p21.pddl,off,0,,1799.995,,,,,
openstacks-strips,p21.pddl,on,0,,1800.296,,,,,
openstacks-strips,p21.pddl,selector,0,,1800.345,,off,85676,151907,51.919
openstacks-strips,p22.pddl,off,0,,1799.769,,,,,
openstacks-strips,p22.pddl,on,0,,1800.129,,,,,
openstacks-strips,p22.pddl,selector,0,,1800.123,,off,156054,182986,50.528
openstacks-strips,p23.pddl,off,0,,1800.364,,,,,
openstacks-strips,p23.pddl,on,0,,1799.890,,,,,
openstacks-strips,p23.pddl,selector,0,,1800.054,,off,188416,224251,54.525
openstacks-strips,p24.pddl,off,0,,1799.955,,,,,
openstacks-strips,p24.pddl,on,0,,1800.469,,,,,
openstacks-strips,p24.pddl,selector,0,,1800.191,,off,323162,556283,95.828
openstacks-strips,p25.pddl,off,1,230,831.899,774.39,,,,
openstacks-strips,p25.pddl,on,0,,1800.290,,,,,
openstacks-strips,p25.pddl,selector,1,230,789.751,702.682,off,166588,307979,84.085
openstacks-strips,p26.pddl,off,0,,1800.369,,,,,
openstacks-strips,p26.pddl,on,0,,1800.452,,,,,
openstacks-strips,p26.pddl,selector,0,,1799.875,,off,331951,288519,63.390
openstacks-strips,p27.pddl,off,0,,1800.065,,,,,
openstacks-strips,p27.pddl,on,0,,1799.720,,,,,
openstacks-strips,p27.pddl,selector,0,,1800.128,,off,727625,807338,126.438
openstacks-strips,p28.pddl,off,0,,1800.286,,,,,
openstacks-strips,p28.pddl,on,0,,1799.873,,,,,
openstacks-strips,p28.pddl,selector,0,,1799.615,,off,1122999,1502014,389.275
openstacks-strips,p29.pddl,off,0,,1800.025,,,,,
openstacks-strips,p29.pddl,on,0,,1799.923,,,,,
openstacks-strips,p29.pddl,selector,0,,1800.093,,off,897379,1108299,337.654
openstacks-strips,p30.pddl,off,0,,1800.482,,,,,
openstacks-strips,p30.pddl,on,0,,1800.708,,,,,
openstacks-strips,p30.pddl,selector,0,,1800.300,,off,1377733,1321812,191.682
pathways,p01.pddl,off,1,6,0.668,0.0102346,,,,
pathways,p01.pddl,on,1,6,0.669,0.00744127,,,,
pathways,p01.pddl,selector,1,6,0.671,0.00617954,presolve,,,
pathways,p02.pddl,off,1,12,0.572,0.0130301,,,,
pathways,p02.pddl,on,1,12,0.672,0.0116138,,,,
pathways,p02.pddl,selector,1,12,0.824,0.0155711,presolve,,,
pathways,p03.pddl,off,1,18,0.819,0.0691048,,,,
pathways,p03.pddl,on,1,18,0.773,0.0418383,,,,
pathways,p03.pddl,selector,1,18,0.972,0.069115,presolve,,,
pathways,p04.pddl,off,1,17,0.922,0.141873,,,,
pathways,p04.pddl,on,1,17,0.869,0.0800002,,,,
pathways,p04.pddl,selector,1,17,1.075,0.144376,presolve,,,
pathways,p05.pddl,off,1,30,9.420,8.49899,,,,
pathways,p05.pddl,on,1,30,3.692,2.71691,,,,
pathways,p05.pddl,selector,1,30,9.467,8.39268,presolve,,,
pathways,p06.pddl,off,0,,1799.634,,,,,
pathways,p06.pddl,on,1,55,386.269,384.961,,,,
pathways,p06.pddl,selector,1,55,396.984,384.16,on,74066,18298,11.620
pathways,p07.pddl,off,0,,1799.713,,,,,
pathways,p07.pddl,on,0,,1799.608,,,,,
pathways,p07.pddl,selector,0,,1800.447,,off,115099,83118,11.968
pathways,p08.pddl,off,0,,1799.782,,,,,
pathways,p08.pddl,on,0,,1799.856,,,,,
pathways,p08.pddl,selector,0,,1800.098,,on,195328,112856,12.580
pathways,p09.pddl,off,0,,1799.935,,,,,
pathways,p09.pddl,on,0,,1799.877,,,,,
pathways,p09.pddl,selector,0,,1800.181,,on,122439,52997,12.823
pathways,p10.pddl,off,0,,1799.705,,,,,
pathways,p10.pddl,on,0,,1799.713,,,,,
pathways,p10.pddl,selector,0,,1800.252,,on,207049,47049,12.571
pathways,p11.pddl,off,0,,1799.750,,,,,
pathways,p11.pddl,on,0,,1799.544,,,,,
pathways,p11.pddl,selector,0,,1799.778,,on,137475,76638,12.218
pathways,p12.pddl,off,0,,1799.922,,,,,
pathways,p12.pddl,on,0,,1799.904,,,,,
pathways,p12.pddl,selector,0,,1800.381,,off,99759,109625,16.751
pathways,p13.pddl,off,0,,1799.737,,,,,
pathways,p13.pddl,on,0,,1799.934,,,,,
pathways,p13.pddl,selector,0,,1800.292,,on,160423,111469,13.835
pathways,p14.pddl,off,0,,1799.737,,,,,
pathways,p14.pddl,on,0,,1799.742,,,,,
pathways,p14.pddl,selector,0,,1800.420,,on,259943,95990,12.827
pathways,p15.pddl,off,0,,1800.083,,,,,
pathways,p15.pddl,on,0,,1799.885,,,,,
pathways,p15.pddl,selector,0,,1799.737,,on,296170,52616,12.367
pathways,p16.pddl,off,0,,1800.366,,,,,
pathways,p16.pddl,on,0,,1800.250,,,,,
pathways,p16.pddl,selector,0,,1799.565,,on,345581,91903,16.042
pathways,p17.pddl,off,0,,1799.506,,,,,
pathways,p17.pddl,on,0,,1799.534,,,,,
pathways,p17.pddl,selector,0,,1800.093,,on,343816,217508,17.605
pathways,p18.pddl,off,0,,1799.935,,,,,
pathways,p18.pddl,on,0,,1800.024,,,,,
pathways,p18.pddl,selector,0,,1799.869,,off,171120,137234,15.241
pathways,p19.pddl,off,0,,1799.397,,,,,
pathways,p19.pddl,on,0,,1799.618,,,,,
pathways,p19.pddl,selector,0,,1799.711,,on,386646,223958,28.125
pathways,p20.pddl,off,0,,1800.228,,,,,
pathways,p20.pddl,on,0,,1800.057,,,,,
pathways,p20.pddl,selector,0,,1799.975,,on,386831,118762,15.537
pathways,p21.pddl,off,0,,1799.550,,,,,
pathways,p21.pddl,on,0,,1799.715,,,,,
pathways,p21.pddl,selector,0,,1799.818,,on,356693,241902,25.174
pathways,p22.pddl,off,0,,1799.922,,,,,
pathways,p22.pddl,on,0,,1800.281,,,,,
pathways,p22.pddl,selector,0,,1800.160,,on,401872,147610,14.537
pathways,p23.pddl,off,0,,1799.806,,,,,
pathways,p23.pddl,on,0,,1799.484,,,,,
pathways,p23.pddl,selector,0,,1800.464,,on,369470,218302,27.938
pathways,p24.pddl,off,0,,1799.559,,,,,
pathways,p24.pddl,on,0,,1799.836,,,,,
pathways,p24.pddl,selector,0,,1800.362,,on,283137,177984,19.777
pathways,p25.pddl,off,0,,1799.849,,,,,
pathways,p25.pddl,on,0,,1800.130,,,,,
pathways,p25.pddl,selector,0,,1799.884,,off,257057,237439,16.002
pathways,p26.pddl,off,0,,1800.314,,,,,
pathways,p26.pddl,on,0,,1799.588,,,,,
pathways,p26.pddl,selector,0,,1799.747,,on,518844,153253,34.265
pathways,p27.pddl,off,0,,1800.562,,,,,
pathways,p27.pddl,on,0,,1800.207,,,,,
pathways,p27.pddl,selector,0,,1799.721,,on,544747,232547,46.233
pathways,p28.pddl,off,0,,1800.297,,,,,
pathways,p28.pddl,on,0,,1800.446,,,,,
pathways,p28.pddl,selector,0,,1799.612,,off,347574,385149,20.214
pathways,p29.pddl,off,0,,1799.602,,,,,
pathways,p29.pddl,on,0,,1799.593,,,,,
pathways,p29.pddl,selector,0,,1800.305,,on,573667,268868,37.593
pathways,p30.pddl,off,0,,1800.022,,,,,
pathways,p30.pddl,on,0,,1800.078,,,,,
pathways,p30.pddl,selector,0,,1799.596,,on,535950,125093,30.201
psr-small,p01-s2-n1-l2-f50.pddl,off,1,8,0.572,0.00155665,,,,
psr-small,p01-s2-n1-l2-f50.pddl,on,1,8,0.517,0.00104124,,,,
psr-small,p01-s2-n1-l2-f50.pddl,selector,1,8,0.622,0.00056311,presolve,,,
psr-small,p02-s5-n1-l3-f30.pddl,off,1,11,0.518,0.003081,,,,
psr-small,p02-s5-n1-l3-f30.pddl,on,1,11,0.521,0.00258656,,,,
psr-small,p02-s5-n1-l3-f30.pddl,selector,1,11,0.720,0.00305709,presolve,,,
psr-small,p03-s7-n1-l3-f70.pddl,off,1,11,0.523,0.00169821,,,,
psr-small,p03-s7-n1-l3-f70.pddl,on,1,11,0.470,0.001773,,,,
psr-small,p03-s7-n1-l3-f70.pddl,selector,1,11,0.670,0.00183132,presolve,,,
psr-small,p04-s8-n1-l4-f10.pddl,off,1,10,0.619,0.00663059,,,,
psr-small,p04-s8-n1-l4-f10.pddl,on,1,10,0.569,0.00568561,,,,
psr-small,p04-s8-n1-l4-f10.pddl,selector,1,10,0.775,0.00800057,presolve,,,
psr-small,p05-s9-n1-l4-f30.pddl,off,1,11,0.518,0.00387979,,,,
psr-small,p05-s9-n1-l4-f30.pddl,on,1,11,0.520,0.00307816,,,,
psr-small,p05-s9-n1-l4-f30.pddl,selector,1,11,0.721,0.00398894,presolve,,,
psr-small,p06-s10-n1-l4-f50.pddl,off,1,8,0.521,0.00117075,,,,
psr-small,p06-s10-n1-l4-f50.pddl,on,1,8,0.518,0.00115686,,,,
psr-small,p06-s10-n1-l4-f50.pddl,selector,1,8,0.719,0.00147003,presolve,,,
psr-small,p07-s11-n1-l4-f70.pddl,off,1,11,0.517,0.00277205,,,,
psr-small,p07-s11-n1-l4-f70.pddl,on,1,11,0.569,0.00243323,,,,
psr-small,p07-s11-n1-l4-f70.pddl,selector,1,11,0.670,0.00225307,presolve,,,
psr-small,p08-s12-n1-l5-f10.pddl,off,1,8,0.570,0.00318403,,,,
psr-small,p08-s12-n1-l5-f10.pddl,on,1,8,0.518,0.00307757,,,,
psr-small,p08-s12-n1-l5-f10.pddl,selector,1,8,0.721,0.00317256,presolve,,,
psr-small,p09-s13-n1-l5-f30.pddl,off,1,8,0.521,0.00230592,,,,
psr-small,p09-s13-n1-l5-f30.pddl,on,1,8,0.518,0.00233589,,,,
psr-small,p09-s13-n1-l5-f30.pddl,selector,1,8,0.670,0.00235077,presolve,,,
psr-small,p10-s17-n2-l2-f30.pddl,off,1,7,0.620,0.00906617,,,,
psr-small,p10-s17-n2-l2-f30.pddl,on,1,7,0.571,0.00824193,,,,
psr-small,p10-s17-n2-l2-f30.pddl,selector,1,7,0.769,0.00833156,presolve,,,
psr-small,p11-s18-n2-l2-f50.pddl,off,1,19,0.623,0.00498433,,,,
psr-small,p11-s18-n2-l2-f50.pddl,on,1,19,0.569,0.00511412,,,,
psr-small,p11-s18-n2-l2-f50.pddl,selector,1,19,0.773,0.0059998,presolve,,,
psr-small,p12-s21-n2-l3-f30.pddl,off,1,16,0.571,0.00358885,,,,
psr-small,p12-s21-n2-l3-f30.pddl,on,1,16,0.571,0.00399666,,,,
psr-small,p12-s21-n2-l3-f30.pddl,selector,1,16,0.723,0.00367525,presolve,,,
psr-small,p13-s22-n2-l3-f50.pddl,off,1,15,0.568,0.00331402,,,,
psr-small,p13-s22-n2-l3-f50.pddl,on,1,15,0.570,0.00467074,,,,
psr-small,p13-s22-n2-l3-f50.pddl,selector,1,15,0.719,0.00393819,presolve,,,
psr-small,p14-s23-n2-l3-f70.pddl,off,1,9,0.518,0.00199992,,,,
psr-small,p14-s23-n2-l3-f70.pddl,on,1,9,0.518,0.0019514,,,,
psr-small,p14-s23-n2-l3-f70.pddl,selector,1,9,0.669,0.00199963,presolve,,,
psr-small,p15-s24-n2-l4-f10.pddl,off,1,10,0.972,0.0422095,,,,
psr-small,p15-s24-n2-l4-f10.pddl,on,1,10,1.021,0.0349999,,,,
psr-small,p15-s24-n2-l4-f10.pddl,selector,1,10,1.122,0.0340392,presolve,,,
psr-small,p16-s29-n2-l5-f30.pddl,off,1,25,0.623,0.0254672,,,,
psr-small,p16-s29-n2-l5-f30.pddl,on,1,25,0.620,0.0197529,,,,
psr-small,p16-s29-n2-l5-f30.pddl,selector,1,25,0.770,0.0255093,presolve,,,
psr-small,p17-s30-n2-l5-f50.pddl,off,1,9,0.518,0.00174907,,,,
psr-small,p17-s30-n2-l5-f50.pddl,on,1,9,0.467,0.000999856,,,,
psr-small,p17-s30-n2-l5-f50.pddl,selector,1,9,0.625,0.001544,presolve,,,
psr-small,p18-s31-n2-l5-f70.pddl,off,1,12,0.572,0.00399182,,,,
psr-small,p18-s31-n2-l5-f70.pddl,on,1,12,0.568,0.00439802,,,,
psr-small,p18-s31-n2-l5-f70.pddl,selector,1,12,0.771,0.00446682,presolve,,,
psr-small,p19-s33-n3-l2-f30.pddl,off,1,25,0.770,0.0396246,,,,
psr-small,p19-s33-n3-l2-f30.pddl,on,1,25,0.719,0.0363728,,,,
psr-small,p19-s33-n3-l2-f30.pddl,selector,1,25,0.870,0.0375943,presolve,,,
psr-small,p20-s34-n3-l2-f50.pddl,off,1,17,0.567,0.00428173,,,,
psr-small,p20-s34-n3-l2-f50.pddl,on,1,17,0.569,0.00397817,,,,
psr-small,p20-s34-n3-l2-f50.pddl,selector,1,17,0.720,0.00391738,presolve,,,
psr-small,p21-s35-n3-l2-f70.pddl,off,1,10,0.569,0.00255588,,,,
psr-small,p21-s35-n3-l2-f70.pddl,on,1,10,0.518,0.00254654,,,,
psr-small,p21-s35-n3-l2-f70.pddl,selector,1,10,0.668,0.00224002,presolve,,,
psr-small,p22-s37-n3-l3-f30.pddl,off,1,33,0.820,0.0556482,,,,
psr-small,p22-s37-n3-l3-f30.pddl,on,1,33,0.772,0.0605793,,,,
psr-small,p22-s37-n3-l3-f30.pddl,selector,1,33,1.075,0.0570001,presolve,,,
psr-small,p23-s38-n3-l3-f50.pddl,off,1,12,0.527,0.00551793,,,,
psr-small,p23-s38-n3-l3-f50.pddl,on,1,12,0.518,0.0058791,,,,
psr-small,p23-s38-n3-l3-f50.pddl,selector,1,12,0.722,0.00602929,presolve,,,
psr-small,p24-s39-n3-l3-f70.pddl,off,1,10,0.518,0.00300036,,,,
psr-small,p24-s39-n3-l3-f70.pddl,on,1,10,0.522,0.00199933,,,,
psr-small,p24-s39-n3-l3-f70.pddl,selector,1,10,0.720,0.00275449,presolve,,,
psr-small,p25-s40-n3-l4-f10.pddl,off,1,9,8.631,0.260085,,,,
psr-small,p25-s40-n3-l4-f10.pddl,on,1,9,8.660,0.257818,,,,
psr-small,p25-s40-n3-l4-f10.pddl,selector,1,9,8.435,0.270849,presolve,,,
psr-small,p26-s41-n3-l4-f30.pddl,off,1,17,0.619,0.00500049,,,,
psr-small,p26-s41-n3-l4-f30.pddl,on,1,17,0.618,0.0050904,,,,
psr-small,p26-s41-n3-l4-f30.pddl,selector,1,17,0.721,0.00497867,presolve,,,
psr-small,p27-s42-n3-l4-f50.pddl,off,1,21,0.570,0.012257,,,,
psr-small,p27-s42-n3-l4-f50.pddl,on,1,21,0.572,0.011142,,,,
psr-small,p27-s42-n3-l4-f50.pddl,selector,1,21,0.723,0.0129488,presolve,,,
psr-small,p28-s43-n3-l4-f70.pddl,off,1,14,0.573,0.00399948,,,,
psr-small,p28-s43-n3-l4-f70.pddl,on,1,14,0.568,0.00459169,,,,
psr-small,p28-s43-n3-l4-f70.pddl,selector,1,14,0.668,0.00418784,presolve,,,
psr-small,p29-s45-n3-l5-f30.pddl,off,1,21,0.720,0.0386995,,,,
psr-small,p29-s45-n3-l5-f30.pddl,on,1,21,0.871,0.0539323,,,,
psr-small,p29-s45-n3-l5-f30.pddl,selector,1,21,1.077,0.050611,presolve,,,
psr-small,p30-s46-n3-l5-f50.pddl,off,1,22,0.618,0.0160008,,,,
psr-small,p30-s46-n3-l5-f50.pddl,on,1,22,0.520,0.0102446,,,,
psr-small,p30-s46-n3-l5-f50.pddl,selector,1,22,0.825,0.0166093,presolve,,,
psr-small,p31-s49-n4-l2-f30.pddl,off,1,19,0.920,0.0921307,,,,
psr-small,p31-s49-n4-l2-f30.pddl,on,1,19,1.075,0.0446552,,,,
psr-small,p31-s49-n4-l2-f30.pddl,selector,1,19,1.328,0.0530758,presolve,,,
psr-small,p32-s50-n4-l2-f50.pddl,off,1,24,0.568,0.00704314,,,,
psr-small,p32-s50-n4-l2-f50.pddl,on,1,24,0.620,0.010221,,,,
psr-small,p32-s50-n4-l2-f50.pddl,selector,1,24,0.774,0.0111948,presolve,,,
psr-small,p33-s51-n4-l2-f70.pddl,off,1,21,0.720,0.0338391,,,,
psr-small,p33-s51-n4-l2-f70.pddl,on,1,21,0.821,0.0395976,,,,
psr-small,p33-s51-n4-l2-f70.pddl,selector,1,21,0.921,0.0337421,presolve,,,
psr-small,p34-s55-n4-l3-f70.pddl,off,1,21,0.570,0.00500011,,,,
psr-small,p34-s55-n4-l3-f70.pddl,on,1,21,0.568,0.00680802,,,,
psr-small,p34-s55-n4-l3-f70.pddl,selector,1,21,0.671,0.00497539,presolve,,,
psr-small,p35-s57-n5-l2-f30.pddl,off,1,22,0.719,0.051836,,,,
psr-small,p35-s57-n5-l2-f30.pddl,on,1,22,0.974,0.0531805,,,,
psr-small,p35-s57-n5-l2-f30.pddl,selector,1,22,0.973,0.0501019,presolve,,,
psr-small,p36-s65-n6-l2-f30.pddl,off,1,22,1.022,0.0639995,,,,
psr-small,p36-s65-n6-l2-f30.pddl,on,1,22,0.972,0.0888628,,,,
psr-small,p36-s65-n6-l2-f30.pddl,selector,1,22,1.323,0.0945236,presolve,,,
psr-small,p37-s67-n6-l2-f70.pddl,off,1,23,0.668,0.018953,,,,
psr-small,p37-s67-n6-l2-f70.pddl,on,1,23,0.670,0.0181376,,,,
psr-small,p37-s67-n6-l2-f70.pddl,selector,1,23,0.821,0.018904,presolve,,,
psr-small,p38-s78-n3-l3-f50.pddl,off,1,13,0.618,0.00763258,,,,
psr-small,p38-s78-n3-l3-f50.pddl,on,1,13,0.568,0.00700082,,,,
psr-small,p38-s78-n3-l3-f50.pddl,selector,1,13,0.729,0.00741273,presolve,,,
psr-small,p39-s79-n3-l3-f70.pddl,off,1,23,0.619,0.017578,,,,
psr-small,p39-s79-n3-l3-f70.pddl,on,1,23,0.668,0.0181712,,,,
psr-small,p39-s79-n3-l3-f70.pddl,selector,1,23,0.722,0.011999,presolve,,,
psr-small,p40-s80-n3-l4-f10.pddl,off,1,20,1.380,0.159417,,,,
psr-small,p40-s80-n3-l4-f10.pddl,on,1,20,1.427,0.173377,,,,
psr-small,p40-s80-n3-l4-f10.pddl,selector,1,20,1.323,0.168077,presolve,,,
psr-small,p41-s81-n3-l4-f30.pddl,off,1,10,0.569,0.00307334,,,,
psr-small,p41-s81-n3-l4-f30.pddl,on,1,10,0.571,0.00291016,,,,
psr-small,p41-s81-n3-l4-f30.pddl,selector,1,10,0.723,0.00310955,presolve,,,
psr-small,p42-s82-n3-l4-f50.pddl,off,1,30,0.624,0.0216962,,,,
psr-small,p42-s82-n3-l4-f50.pddl,on,1,30,0.669,0.0283486,,,,
psr-small,p42-s82-n3-l4-f50.pddl,selector,1,30,0.825,0.0217615,presolve,,,
psr-small,p43-s83-n3-l4-f70.pddl,off,1,20,0.568,0.00768889,,,,
psr-small,p43-s83-n3-l4-f70.pddl,on,1,20,0.569,0.00761089,,,,
psr-small,p43-s83-n3-l4-f70.pddl,selector,1,20,0.719,0.00802455,presolve,,,
psr-small,p44-s89-n4-l2-f30.pddl,off,1,19,0.668,0.0176277,,,,
psr-small,p44-s89-n4-l2-f30.pddl,on,1,19,0.670,0.0172346,,,,
psr-small,p44-s89-n4-l2-f30.pddl,selector,1,19,0.826,0.0179997,presolve,,,
psr-small,p45-s94-n4-l3-f50.pddl,off,1,20,0.568,0.00883329,,,,
psr-small,p45-s94-n4-l3-f50.pddl,on,1,20,0.568,0.00899973,,,,
psr-small,p45-s94-n4-l3-f50.pddl,selector,1,20,0.721,0.00863608,presolve,,,
psr-small,p46-s97-n5-l2-f30.pddl,off,1,34,0.721,0.0490235,,,,
psr-small,p46-s97-n5-l2-f30.pddl,on,1,34,0.828,0.0726657,,,,
psr-small,p46-s97-n5-l2-f30.pddl,selector,1,34,0.973,0.0535716,presolve,,,
psr-small,p47-s98-n5-l2-f50.pddl,off,1,27,0.622,0.0167189,,,,
psr-small,p47-s98-n5-l2-f50.pddl,on,1,27,0.669,0.0221117,,,,
psr-small,p47-s98-n5-l2-f50.pddl,selector,1,27,0.872,0.0247225,presolve,,,
psr-small,p48-s101-n5-l3-f30.pddl,off,1,37,1.474,0.350367,,,,
psr-small,p48-s101-n5-l3-f30.pddl,on,1,37,1.322,0.254187,,,,
psr-small,p48-s101-n5-l3-f30.pddl,selector,1,37,1.476,0.2838,presolve,,,
psr-small,p49-s105-n6-l2-f30.pddl,off,1,47,2.030,0.84367,,,,
psr-small,p49-s105-n6-l2-f30.pddl,on,1,47,1.788,0.596879,,,,
psr-small,p49-s105-n6-l2-f30.pddl,selector,1,47,1.831,0.572991,presolve,,,
psr-small,p50-s107-n6-l2-f70.pddl,off,1,23,0.671,0.0126468,,,,
psr-small,p50-s107-n6-l2-f70.pddl,on,1,23,0.672,0.0139544,,,,
psr-small,p50-s107-n6-l2-f70.pddl,selector,1,23,0.821,0.0120318,presolve,,,
quantum-layout-opt23-strips,p01.pddl,off,1,10,2.689,1.22254,,,,
quantum-layout-opt23-strips,p01.pddl,on,1,10,3.336,1.43225,,,,
quantum-layout-opt23-strips,p01.pddl,selector,1,10,2.783,1.17507,presolve,,,
quantum-layout-opt23-strips,p02.pddl,off,1,14,5.960,4.4332,,,,
quantum-layout-opt23-strips,p02.pddl,on,1,14,7.265,5.04198,,,,
quantum-layout-opt23-strips,p02.pddl,selector,1,14,7.765,5.74288,presolve,,,
quantum-layout-opt23-strips,p03.pddl,off,1,40,1095.555,1092.4,,,,
quantum-layout-opt23-strips,p03.pddl,on,0,,1800.069,,,,,
quantum-layout-opt23-strips,p03.pddl,selector,1,40,1246.730,1230.5,off,130421,165689,14.145
quantum-layout-opt23-strips,p04.pddl,off,0,,1799.757,,,,,
quantum-layout-opt23-strips,p04.pddl,on,0,,1799.771,,,,,
quantum-layout-opt23-strips,p04.pddl,selector,0,,1800.256,,off,337980,449398,16.796
quantum-layout-opt23-strips,p05.pddl,off,0,,1799.917,,,,,
quantum-layout-opt23-strips,p05.pddl,on,0,,1800.022,,,,,
quantum-layout-opt23-strips,p05.pddl,selector,0,,1800.782,,off,955098,791093,52.943
quantum-layout-opt23-strips,p06.pddl,off,0,,1799.882,,,,,
quantum-layout-opt23-strips,p06.pddl,on,0,,1800.534,,,,,
quantum-layout-opt23-strips,p06.pddl,selector,0,,1800.164,,off,935684,1054944,67.383
quantum-layout-opt23-strips,p07.pddl,off,1,8,1.176,0.116934,,,,
quantum-layout-opt23-strips,p07.pddl,on,1,8,1.677,0.147489,,,,
quantum-layout-opt23-strips,p07.pddl,selector,1,8,1.431,0.114939,presolve,,,
quantum-layout-opt23-strips,p08.pddl,off,1,9,1.980,0.458081,,,,
quantum-layout-opt23-strips,p08.pddl,on,1,9,2.984,1.1635,,,,
quantum-layout-opt23-strips,p08.pddl,selector,1,9,1.980,0.454346,presolve,,,
quantum-layout-opt23-strips,p09.pddl,off,1,26,4.196,2.6605,,,,
quantum-layout-opt23-strips,p09.pddl,on,1,26,6.511,4.3574,,,,
quantum-layout-opt23-strips,p09.pddl,selector,1,26,5.548,3.64517,presolve,,,
quantum-layout-opt23-strips,p10.pddl,off,1,24,88.480,86.1567,,,,
quantum-layout-opt23-strips,p10.pddl,on,1,24,118.171,114.962,,,,
quantum-layout-opt23-strips,p10.pddl,selector,1,24,151.109,132.04,off,248797,288429,16.705
quantum-layout-opt23-strips,p11.pddl,off,0,,1800.605,,,,,
quantum-layout-opt23-strips,p11.pddl,on,0,,1799.639,,,,,
quantum-layout-opt23-strips,p11.pddl,selector,0,,1799.884,,off,805648,746496,23.189
quantum-layout-opt23-strips,p12.pddl,off,0,,1799.847,,,,,
quantum-layout-opt23-strips,p12.pddl,on,0,,1800.074,,,,,
quantum-layout-opt23-strips,p12.pddl,selector,0,,1799.780,,off,962304,679503,58.112
quantum-layout-opt23-strips,p13.pddl,off,0,,1800.015,,,,,
quantum-layout-opt23-strips,p13.pddl,on,0,,1799.921,,,,,
quantum-layout-opt23-strips,p13.pddl,selector,0,,1800.350,,off,1638604,1444677,142.734
quantum-layout-opt23-strips,p14.pddl,off,1,10,9.936,7.82232,,,,
quantum-layout-opt23-strips,p14.pddl,on,1,10,19.947,17.196,,,,
quantum-layout-opt23-strips,p14.pddl,selector,1,10,10.184,7.9397,presolve,,,
quantum-layout-opt23-strips,p15.pddl,off,1,16,136.789,133.326,,,,
quantum-layout-opt23-strips,p15.pddl,on,1,16,206.452,202.444,,,,
quantum-layout-opt23-strips,p15.pddl,selector,1,16,151.906,130.354,off,235572,312080,19.516
quantum-layout-opt23-strips,p16.pddl,off,0,,1800.072,,,,,
quantum-layout-opt23-strips,p16.pddl,on,0,,1799.993,,,,,
quantum-layout-opt23-strips,p16.pddl,selector,0,,1800.248,,off,588146,785438,52.681
quantum-layout-opt23-strips,p17.pddl,off,0,,1800.519,,,,,
quantum-layout-opt23-strips,p17.pddl,on,0,,1800.885,,,,,
quantum-layout-opt23-strips,p17.pddl,selector,0,,1800.852,,off,1047357,1120429,114.788
quantum-layout-opt23-strips,p18.pddl,off,0,,1800.542,,,,,
quantum-layout-opt23-strips,p18.pddl,on,0,,1800.037,,,,,
quantum-layout-opt23-strips,p18.pddl,selector,0,,1800.295,,off,1291817,1378512,94.788
quantum-layout-opt23-strips,p19.pddl,off,0,,1800.293,,,,,
quantum-layout-opt23-strips,p19.pddl,on,0,,1800.648,,,,,
quantum-layout-opt23-strips,p19.pddl,selector,0,,1800.916,,off,1385436,1568813,134.965
quantum-layout-opt23-strips,p20.pddl,off,0,,1728.393,,,,,
quantum-layout-opt23-strips,p20.pddl,on,0,,1800.192,,,,,
quantum-layout-opt23-strips,p20.pddl,selector,0,,1800.331,,off,2365449,2453587,165.321
trucks-strips,p01.pddl,off,1,13,0.820,0.0104978,,,,
trucks-strips,p01.pddl,on,1,13,0.821,0.0118216,,,,
trucks-strips,p01.pddl,selector,1,13,1.074,0.0110679,presolve,,,
trucks-strips,p02.pddl,off,1,17,1.020,0.0160985,,,,
trucks-strips,p02.pddl,on,1,17,1.123,0.0154278,,,,
trucks-strips,p02.pddl,selector,1,17,1.227,0.01453,presolve,,,
trucks-strips,p03.pddl,off,1,20,1.681,0.0823657,,,,
trucks-strips,p03.pddl,on,1,20,1.829,0.0608203,,,,
trucks-strips,p03.pddl,selector,1,20,1.777,0.0779234,presolve,,,
trucks-strips,p04.pddl,off,1,23,2.531,0.170964,,,,
trucks-strips,p04.pddl,on,1,23,2.380,0.181613,,,,
trucks-strips,p04.pddl,selector,1,23,2.388,0.185562,presolve,,,
trucks-strips,p05.pddl,off,1,25,4.038,0.590433,,,,
trucks-strips,p05.pddl,on,1,25,3.635,0.43837,,,,
trucks-strips,p05.pddl,selector,1,25,4.140,0.597219,presolve,,,
trucks-strips,p06.pddl,off,1,30,5.750,1.21697,,,,
trucks-strips,p06.pddl,on,1,30,6.157,1.86551,,,,
trucks-strips,p06.pddl,selector,1,30,6.206,1.2548,presolve,,,
trucks-strips,p07.pddl,off,1,23,3.794,0.182746,,,,
trucks-strips,p07.pddl,on,1,23,3.994,0.226049,,,,
trucks-strips,p07.pddl,selector,1,23,3.991,0.183285,presolve,,,
trucks-strips,p08.pddl,off,1,25,9.836,1.27386,,,,
trucks-strips,p08.pddl,on,1,25,9.428,1.79782,,,,
trucks-strips,p08.pddl,selector,1,25,9.474,1.23624,presolve,,,
trucks-strips,p09.pddl,off,1,28,14.717,5.36147,,,,
trucks-strips,p09.pddl,on,1,28,15.315,5.02328,,,,
trucks-strips,p09.pddl,selector,1,28,16.778,5.48243,presolve,,,
trucks-strips,p10.pddl,off,1,34,41.776,26.2026,,,,
trucks-strips,p10.pddl,on,1,34,27.741,17.6148,,,,
trucks-strips,p10.pddl,selector,1,34,51.111,28.3314,off,10072,7188,22.076
trucks-strips,p11.pddl,off,1,35,532.985,511.14,,,,
trucks-strips,p11.pddl,on,1,35,304.859,279.142,,,,
trucks-strips,p11.pddl,selector,1,35,292.766,262.156,off,11472,10050,29.445
trucks-strips,p12.pddl,off,0,,1799.987,,,,,
trucks-strips,p12.pddl,on,0,,1800.706,,,,,
trucks-strips,p12.pddl,selector,0,,1799.635,,off,15141,11999,37.180
trucks-strips,p13.pddl,off,1,32,179.735,141.25,,,,
trucks-strips,p13.pddl,on,1,32,235.485,209.81,,,,
trucks-strips,p13.pddl,selector,1,32,179.192,132.14,off,16361,12858,45.890
trucks-strips,p14.pddl,off,0,,1799.885,,,,,
trucks-strips,p14.pddl,on,0,,1799.578,,,,,
trucks-strips,p14.pddl,selector,0,,1800.159,,off,24965,36257,54.521
trucks-strips,p15.pddl,off,0,,1800.438,,,,,
trucks-strips,p15.pddl,on,0,,1800.128,,,,,
trucks-strips,p15.pddl,selector,0,,1799.932,,on,27223,18850,66.517
trucks-strips,p16.pddl,off,0,,1799.726,,,,,
trucks-strips,p16.pddl,on,0,,1799.783,,,,,
trucks-strips,p16.pddl,selector,0,,1799.941,,off,20907,18883,76.610
trucks-strips,p17.pddl,off,0,,1799.586,,,,,
trucks-strips,p17.pddl,on,0,,1800.406,,,,,
trucks-strips,p17.pddl,selector,0,,1799.940,,off,42905,71305,77.484
trucks-strips,p18.pddl,off,0,,1800.372,,,,,
trucks-strips,p18.pddl,on,0,,1800.470,,,,,
trucks-strips,p18.pddl,selector,0,,1799.920,,off,43379,34359,83.582
trucks-strips,p19.pddl,off,0,,1799.593,,,,,
trucks-strips,p19.pddl,on,0,,1799.953,,,,,
trucks-strips,p19.pddl,selector,0,,1800.529,,off,37467,30292,68.736
trucks-strips,p20.pddl,off,0,,1799.618,,,,,
trucks-strips,p20.pddl,on,0,,1800.241,,,,,
trucks-strips,p20.pddl,selector,0,,1799.711,,off,44173,115640,62.270
trucks-strips,p21.pddl,off,0,,1800.157,,,,,
trucks-strips,p21.pddl,on,0,,1800.164,,,,,
trucks-strips,p21.pddl,selector,0,,1800.438,,on,94123,46516,97.906
trucks-strips,p22.pddl,off,0,,1800.397,,,,,
trucks-strips,p22.pddl,on,0,,1800.463,,,,,
trucks-strips,p22.pddl,selector,0,,1800.508,,off,107949,174633,86.988
trucks-strips,p23.pddl,off,0,,1800.020,,,,,
trucks-strips,p23.pddl,on,0,,1799.388,,,,,
trucks-strips,p23.pddl,selector,0,,1800.396,,off,75872,288819,68.935
trucks-strips,p24.pddl,off,0,,1799.418,,,,,
trucks-strips,p24.pddl,on,0,,1800.315,,,,,
trucks-strips,p24.pddl,selector,0,,1800.417,,on,260538,120181,66.709
trucks-strips,p25.pddl,off,0,,1799.659,,,,,
trucks-strips,p25.pddl,on,0,,1800.458,,,,,
trucks-strips,p25.pddl,selector,0,,1799.641,,off,235463,293788,73.048
trucks-strips,p26.pddl,off,0,,1799.639,,,,,
trucks-strips,p26.pddl,on,0,,1800.440,,,,,
trucks-strips,p26.pddl,selector,0,,1799.940,,off,324734,392123,82.424
trucks-strips,p27.pddl,off,0,,1800.190,,,,,
trucks-strips,p27.pddl,on,0,,1800.017,,,,,
trucks-strips,p27.pddl,selector,0,,1800.259,,on,554948,340396,89.720
trucks-strips,p28.pddl,off,0,,1799.590,,,,,
trucks-strips,p28.pddl,on,0,,1800.342,,,,,
trucks-strips,p28.pddl,selector,0,,1800.396,,on,567034,340220,97.876
trucks-strips,p29.pddl,off,0,,1800.220,,,,,
trucks-strips,p29.pddl,on,0,,1799.557,,,,,
trucks-strips,p29.pddl,selector,0,,1800.261,,off,516097,465853,114.779
trucks-strips,p30.pddl,off,0,,1799.440,,,,,
trucks-strips,p30.pddl,on,0,,1800.284,,,,,
trucks-strips,p30.pddl,selector,0,,1799.654,,off,452466,545471,140.156
